fecha,local,visitante,gl,gv,fase
2010-07-23,Tecos,Cruz Azul,0,3,regular
2010-07-24,Chiapas,Necaxa,1,1,regular
2010-07-24,Pachuca,América,3,0,regular
2010-07-24,Tigres,Querétaro,0,1,regular
2010-07-24,Chivas,Puebla,0,0,regular
2010-07-24,San Luis,Monterrey,1,1,regular
2010-07-24,Atlante,Santos,1,4,regular
2010-07-25,Morelia,Atlas,1,0,regular
2010-07-25,Pumas,Toluca,2,1,regular
2010-07-30,Necaxa,Tigres,0,2,regular
2010-07-31,Cruz Azul,Atlante,2,0,regular
2010-07-31,Querétaro,Atlas,2,1,regular
2010-07-31,Monterrey,Tecos,3,2,regular
2010-07-31,Santos,Pumas,4,0,regular
2010-08-01,Toluca,Pachuca,1,1,regular
2010-08-01,Puebla,San Luis,2,1,regular
2010-08-01,América,Chiapas,3,0,regular
2010-08-07,Chiapas,Toluca,1,1,regular
2010-08-07,Pachuca,Santos,0,3,regular
2010-08-07,Tigres,América,1,1,regular
2010-08-07,Atlas,Necaxa,0,1,regular
2010-08-07,San Luis,Chivas,0,1,regular
2010-08-07,Atlante,Monterrey,1,2,regular
2010-08-08,Morelia,Querétaro,6,0,regular
2010-08-08,Pumas,Cruz Azul,2,0,regular
2010-08-08,Tecos,Puebla,1,3,regular
2010-08-13,Necaxa,Querétaro,1,1,regular
2010-08-14,Cruz Azul,Pachuca,4,1,regular
2010-08-14,Monterrey,Pumas,5,2,regular
2010-08-14,Santos,Chiapas,1,0,regular
2010-08-14,San Luis,Morelia,1,0,regular
2010-08-15,Toluca,Tigres,1,1,regular
2010-08-15,Puebla,Atlante,1,1,regular
2010-08-15,América,Atlas,1,1,regular
2010-08-20,Tecos,San Luis,3,2,regular
2010-08-21,Chiapas,Cruz Azul,2,3,regular
2010-08-21,Pachuca,Monterrey,2,2,regular
2010-08-21,Tigres,Santos,1,0,regular
2010-08-21,Atlas,Toluca,0,1,regular
2010-08-21,Atlante,Chivas,2,1,regular
2010-08-22,Morelia,Necaxa,1,0,regular
2010-08-22,Pumas,Puebla,4,1,regular
2010-08-22,Querétaro,América,0,1,regular
2010-08-27,Tecos,Morelia,1,1,regular
2010-08-28,Cruz Azul,Tigres,3,2,regular
2010-08-28,Monterrey,Chiapas,1,1,regular
2010-08-28,Santos,Atlas,3,1,regular
2010-08-28,Chivas,Pumas,0,0,regular
2010-08-28,San Luis,Atlante,2,1,regular
2010-08-29,Toluca,Querétaro,2,0,regular
2010-08-29,Puebla,Pachuca,3,1,regular
2010-08-29,América,Necaxa,1,1,regular
2010-09-05,Chivas,Tecos,3,0,regular
2010-09-10,Necaxa,Toluca,1,1,regular
2010-09-11,Querétaro,Santos,5,2,regular
2010-09-11,Chiapas,Puebla,4,0,regular
2010-09-11,Pachuca,Chivas,1,1,regular
2010-09-11,Tigres,Monterrey,0,1,regular
2010-09-11,Atlas,Cruz Azul,1,3,regular
2010-09-11,Atlante,Tecos,0,1,regular
2010-09-12,Morelia,América,0,2,regular
2010-09-12,Pumas,San Luis,0,1,regular
2010-09-17,Tecos,Pumas,2,2,regular
2010-09-18,Cruz Azul,Querétaro,3,0,regular
2010-09-18,Monterrey,Atlas,2,0,regular
2010-09-18,Santos,Necaxa,2,1,regular
2010-09-18,Chivas,Chiapas,0,3,regular
2010-09-18,San Luis,Pachuca,1,0,regular
2010-09-18,Atlante,Morelia,2,0,regular
2010-09-19,Toluca,América,2,1,regular
2010-09-19,Puebla,Tigres,1,3,regular
2010-09-24,Necaxa,Cruz Azul,2,1,regular
2010-09-25,Querétaro,Monterrey,0,0,regular
2010-09-25,Chiapas,San Luis,2,1,regular
2010-09-25,Pachuca,Tecos,3,1,regular
2010-09-25,Atlas,Puebla,1,0,regular
2010-09-26,Tigres,Chivas,1,1,regular
2010-09-26,Morelia,Toluca,1,2,regular
2010-09-26,Pumas,Atlante,2,2,regular
2010-09-26,América,Santos,3,2,regular
2010-10-01,Tecos,Chiapas,0,0,regular
2010-10-02,Monterrey,Necaxa,2,1,regular
2010-10-02,Santos,Toluca,2,0,regular
2010-10-02,San Luis,Tigres,1,0,regular
2010-10-02,Atlante,Pachuca,1,3,regular
2010-10-03,Pumas,Morelia,1,0,regular
2010-10-03,Puebla,Querétaro,2,0,regular
2010-10-03,Cruz Azul,América,1,0,regular
2010-10-03,Chivas,Atlas,2,2,regular
2010-10-06,Chivas,Morelia,0,1,regular
2010-10-08,Necaxa,Puebla,1,0,regular
2010-10-09,Querétaro,Chivas,2,2,regular
2010-10-09,Chiapas,Atlante,2,0,regular
2010-10-09,Pachuca,Pumas,3,2,regular
2010-10-09,Tigres,Tecos,5,0,regular
2010-10-09,Atlas,San Luis,2,1,regular
2010-10-10,Morelia,Santos,0,0,regular
2010-10-10,Toluca,Cruz Azul,0,0,regular
2010-10-10,América,Monterrey,0,0,regular
2010-10-15,Tecos,Atlas,2,1,regular
2010-10-16,Cruz Azul,Santos,3,0,regular
2010-10-16,San Luis,Querétaro,3,2,regular
2010-10-16,Pachuca,Morelia,1,1,regular
2010-10-16,Chivas,Necaxa,1,0,regular
2010-10-16,Monterrey,Toluca,2,0,regular
2010-10-16,Atlante,Tigres,1,1,regular
2010-10-17,Pumas,Chiapas,1,0,regular
2010-10-17,Puebla,América,2,2,regular
2010-10-22,Necaxa,San Luis,0,2,regular
2010-10-23,Querétaro,Tecos,1,0,regular
2010-10-23,Chiapas,Pachuca,2,0,regular
2010-10-23,Santos,Monterrey,1,2,regular
2010-10-23,Tigres,Pumas,2,0,regular
2010-10-23,Atlas,Atlante,3,1,regular
2010-10-24,Morelia,Cruz Azul,1,1,regular
2010-10-24,Toluca,Puebla,2,1,regular
2010-10-24,América,Chivas,0,0,regular
2010-10-26,Pachuca,Tigres,2,3,regular
2010-10-26,Pumas,Atlas,1,1,regular
2010-10-27,Tecos,Necaxa,0,2,regular
2010-10-27,Chiapas,Morelia,0,0,regular
2010-10-27,Puebla,Santos,0,1,regular
2010-10-27,Chivas,Toluca,0,0,regular
2010-10-27,Atlante,Querétaro,1,0,regular
2010-10-27,Monterrey,Cruz Azul,2,4,regular
2010-10-28,San Luis,América,1,2,regular
2010-10-30,Cruz Azul,Puebla,1,0,regular
2010-10-30,Querétaro,Pumas,2,1,regular
2010-10-30,Santos,Chivas,1,1,regular
2010-10-30,Tigres,Chiapas,0,0,regular
2010-10-30,Atlas,Pachuca,1,2,regular
2010-10-31,Morelia,Monterrey,0,2,regular
2010-10-31,Toluca,San Luis,1,2,regular
2010-10-31,Necaxa,Atlante,1,2,regular
2010-10-31,América,Tecos,4,1,regular
2010-11-05,Tecos,Toluca,4,2,regular
2010-11-06,Chiapas,Atlas,2,1,regular
2010-11-06,San Luis,Santos,1,1,regular
2010-11-06,Pachuca,Querétaro,2,1,regular
2010-11-06,Tigres,Morelia,0,1,regular
2010-11-06,Chivas,Cruz Azul,0,0,regular
2010-11-06,Atlante,América,0,1,regular
2010-11-07,Pumas,Necaxa,2,0,regular
2010-11-07,Puebla,Monterrey,2,0,regular
2010-11-12,Necaxa,Pachuca,1,2,regular
2010-11-13,Cruz Azul,San Luis,1,0,regular
2010-11-13,Querétaro,Chiapas,1,1,regular
2010-11-13,Monterrey,Chivas,2,3,regular
2010-11-13,Santos,Tecos,1,0,regular
2010-11-13,Atlas,Tigres,2,2,regular
2010-11-14,Morelia,Puebla,3,3,regular
2010-11-14,Toluca,Atlante,1,1,regular
2010-11-14,América,Pumas,0,1,regular
2010-11-17,San Luis,América,0,0,liguilla
2010-11-17,Pumas,Cruz Azul,1,2,liguilla
2010-11-18,Pachuca,Monterrey,1,1,liguilla
2010-11-18,Chiapas,Santos,1,1,liguilla
2010-11-20,Cruz Azul,Pumas,0,2,liguilla
2010-11-20,América,San Luis,4,1,liguilla
2010-11-21,Monterrey,Pachuca,3,3,liguilla
2010-11-21,Santos,Chiapas,1,0,liguilla
2010-11-25,América,Santos,1,2,liguilla
2010-11-25,Pumas,Monterrey,0,0,liguilla
2010-11-28,Santos,América,3,3,liguilla
2010-11-28,Monterrey,Pumas,2,0,liguilla
2010-12-02,Santos,Monterrey,3,2,liguilla
2010-12-05,Monterrey,Santos,3,0,liguilla
2011-01-07,Necaxa,Chiapas,0,1,regular
2011-01-08,Monterrey,San Luis,0,2,regular
2011-01-08,Querétaro,Tigres,2,2,regular
2011-01-08,Cruz Azul,Tecos,4,1,regular
2011-01-08,Santos,Atlante,2,1,regular
2011-01-08,Atlas,Morelia,5,0,regular
2011-01-09,Puebla,Chivas,1,1,regular
2011-01-09,Toluca,Pumas,1,1,regular
2011-01-09,América,Pachuca,0,2,regular
2011-01-14,Tecos,Monterrey,3,2,regular
2011-01-15,Chiapas,América,2,2,regular
2011-01-15,San Luis,Puebla,3,0,regular
2011-01-15,Tigres,Necaxa,1,0,regular
2011-01-15,Pachuca,Toluca,0,0,regular
2011-01-15,Atlas,Querétaro,2,1,regular
2011-01-15,Atlante,Cruz Azul,3,0,regular
2011-01-16,Pumas,Santos,2,0,regular
2011-01-16,Morelia,Chivas,1,1,regular
2011-01-21,Necaxa,Atlas,0,1,regular
2011-01-22,Monterrey,Atlante,1,0,regular
2011-01-22,Querétaro,Morelia,0,3,regular
2011-01-22,Cruz Azul,Pumas,3,3,regular
2011-01-22,Chivas,San Luis,1,1,regular
2011-01-22,Santos,Pachuca,1,1,regular
2011-01-23,Puebla,Tecos,2,0,regular
2011-01-23,Toluca,Chiapas,2,0,regular
2011-01-23,América,Tigres,1,2,regular
2011-01-28,Tecos,Chivas,1,0,regular
2011-01-29,Chiapas,Santos,1,2,regular
2011-01-29,Querétaro,Necaxa,1,0,regular
2011-01-29,Tigres,Toluca,0,1,regular
2011-01-29,Pachuca,Cruz Azul,0,4,regular
2011-01-29,Atlas,América,0,2,regular
2011-01-29,Atlante,Puebla,2,0,regular
2011-01-30,Pumas,Monterrey,3,2,regular
2011-01-30,Morelia,San Luis,3,3,regular
2011-02-02,América,San Luis,3,0,regular
2011-02-04,Necaxa,Morelia,0,0,regular
2011-02-05,Monterrey,Pachuca,2,0,regular
2011-02-05,Cruz Azul,Chiapas,2,0,regular
2011-02-05,Chivas,Atlante,2,0,regular
2011-02-05,Santos,Tigres,0,2,regular
2011-02-05,San Luis,Tecos,3,2,regular
2011-02-06,Puebla,Pumas,0,1,regular
2011-02-06,Toluca,Atlas,0,0,regular
2011-02-06,América,Querétaro,3,1,regular
2011-02-11,Necaxa,América,1,0,regular
2011-02-12,Chiapas,Monterrey,1,4,regular
2011-02-12,Querétaro,Toluca,0,5,regular
2011-02-12,Tigres,Cruz Azul,2,0,regular
2011-02-12,Pachuca,Puebla,1,0,regular
2011-02-12,Atlas,Santos,1,2,regular
2011-02-12,Atlante,San Luis,0,0,regular
2011-02-13,Pumas,Chivas,1,1,regular
2011-02-13,Morelia,Tecos,4,1,regular
2011-02-18,Tecos,Atlante,0,1,regular
2011-02-18,San Luis,Pumas,0,1,regular
2011-02-19,Monterrey,Tigres,0,0,regular
2011-02-19,Cruz Azul,Atlas,2,1,regular
2011-02-19,Chivas,Pachuca,4,1,regular
2011-02-19,Santos,Querétaro,0,2,regular
2011-02-20,Puebla,Chiapas,1,0,regular
2011-02-20,Toluca,Necaxa,2,3,regular
2011-02-20,América,Morelia,1,2,regular
2011-02-25,Necaxa,Santos,1,0,regular
2011-02-26,Chiapas,Chivas,1,0,regular
2011-02-26,Querétaro,Cruz Azul,1,1,regular
2011-02-26,Tigres,Puebla,3,0,regular
2011-02-26,Pachuca,San Luis,0,0,regular
2011-02-26,Atlas,Monterrey,1,0,regular
2011-02-27,Pumas,Tecos,5,1,regular
2011-02-27,Morelia,Atlante,2,1,regular
2011-02-27,América,Toluca,4,3,regular
2011-03-04,Tecos,Pachuca,1,0,regular
2011-03-05,Monterrey,Querétaro,2,0,regular
2011-03-05,Cruz Azul,Necaxa,0,0,regular
2011-03-05,Chivas,Tigres,0,0,regular
2011-03-05,Santos,América,2,3,regular
2011-03-05,San Luis,Chiapas,0,0,regular
2011-03-05,Atlante,Pumas,0,2,regular
2011-03-06,Puebla,Atlas,2,0,regular
2011-03-06,Toluca,Morelia,1,6,regular
2011-03-11,Necaxa,Monterrey,0,1,regular
2011-03-12,Chiapas,Tecos,0,2,regular
2011-03-12,Querétaro,Puebla,2,1,regular
2011-03-12,Tigres,San Luis,1,1,regular
2011-03-12,Pachuca,Atlante,0,4,regular
2011-03-12,Atlas,Chivas,1,1,regular
2011-03-13,Toluca,Santos,3,1,regular
2011-03-13,Morelia,Pumas,0,1,regular
2011-03-13,América,Cruz Azul,0,2,regular
2011-03-18,Tecos,Tigres,0,0,regular
2011-03-19,Monterrey,América,2,1,regular
2011-03-19,Cruz Azul,Toluca,1,0,regular
2011-03-19,Chivas,Querétaro,2,0,regular
2011-03-19,Santos,Morelia,0,1,regular
2011-03-19,San Luis,Atlas,1,1,regular
2011-03-19,Atlante,Chiapas,5,1,regular
2011-03-20,Puebla,Necaxa,1,0,regular
2011-03-20,Pumas,Pachuca,0,0,regular
2011-04-01,Necaxa,Chivas,1,2,regular
2011-04-02,Chiapas,Pumas,3,1,regular
2011-04-02,Querétaro,San Luis,3,2,regular
2011-04-02,Tigres,Atlante,2,0,regular
2011-04-02,Santos,Cruz Azul,3,0,regular
2011-04-02,Atlas,Tecos,1,1,regular
2011-04-03,Toluca,Monterrey,1,1,regular
2011-04-03,Morelia,Pachuca,1,3,regular
2011-04-03,América,Puebla,5,4,regular
2011-04-08,Tecos,Querétaro,0,0,regular
2011-04-09,Cruz Azul,Morelia,2,3,regular
2011-04-09,Monterrey,Santos,1,1,regular
2011-04-09,Pachuca,Chiapas,3,0,regular
2011-04-09,San Luis,Necaxa,0,0,regular
2011-04-09,Atlante,Atlas,3,1,regular
2011-04-10,Puebla,Toluca,1,1,regular
2011-04-10,Pumas,Tigres,2,0,regular
2011-04-10,Chivas,América,3,0,regular
2011-04-12,Morelia,Chiapas,2,1,regular
2011-04-13,Santos,Puebla,4,0,regular
2011-04-13,Toluca,Chivas,1,2,regular
2011-04-13,Necaxa,Tecos,2,2,regular
2011-04-13,Querétaro,Atlante,1,4,regular
2011-04-13,Cruz Azul,Monterrey,3,0,regular
2011-04-13,Tigres,Pachuca,4,2,regular
2011-04-13,Atlas,Pumas,0,0,regular
2011-04-16,Chiapas,Tigres,0,1,regular
2011-04-16,Monterrey,Morelia,1,1,regular
2011-04-16,Chivas,Santos,0,1,regular
2011-04-16,Pachuca,Atlas,1,2,regular
2011-04-16,Atlante,Necaxa,1,1,regular
2011-04-16,Puebla,Cruz Azul,2,0,regular
2011-04-16,San Luis,Toluca,1,2,regular
2011-04-17,Pumas,Querétaro,3,0,regular
2011-04-17,Tecos,América,1,3,regular
2011-04-22,Necaxa,Pumas,0,1,regular
2011-04-23,Querétaro,Pachuca,1,1,regular
2011-04-23,Cruz Azul,Chivas,1,1,regular
2011-04-23,Monterrey,Puebla,1,1,regular
2011-04-23,Santos,San Luis,1,3,regular
2011-04-23,Atlas,Chiapas,2,0,regular
2011-04-24,Toluca,Tecos,4,4,regular
2011-04-24,Morelia,Tigres,0,3,regular
2011-04-24,América,Atlante,1,1,regular
2011-04-29,Tecos,Santos,1,3,regular
2011-04-30,Chiapas,Querétaro,4,1,regular
2011-04-30,Chivas,Monterrey,2,3,regular
2011-04-30,Tigres,Atlas,3,0,regular
2011-04-30,Pachuca,Necaxa,1,1,regular
2011-04-30,San Luis,Cruz Azul,0,0,regular
2011-04-30,Atlante,Toluca,2,1,regular
2011-05-01,Puebla,Morelia,0,2,regular
2011-05-01,Pumas,América,0,2,regular
2011-05-04,Chivas,Tigres,3,1,liguilla
2011-05-04,Cruz Azul,Atlante,2,1,liguilla
2011-05-05,Monterrey,Pumas,3,1,liguilla
2011-05-05,América,Morelia,1,2,liguilla
2011-05-07,Tigres,Chivas,1,1,liguilla
2011-05-07,Atlante,Cruz Azul,0,0,liguilla
2011-05-08,Pumas,Monterrey,2,0,liguilla
2011-05-08,Morelia,América,3,2,liguilla
2011-05-12,Chivas,Pumas,1,1,liguilla
2011-05-12,Cruz Azul,Morelia,2,0,liguilla
2011-05-15,Pumas,Chivas,2,0,liguilla
2011-05-15,Morelia,Cruz Azul,3,0,liguilla
2011-05-19,Morelia,Pumas,1,1,liguilla
2011-05-22,Pumas,Morelia,2,1,liguilla
2011-07-22,Tecos,Toluca,1,2,regular
2011-07-23,Pachuca,Santos,1,4,regular
2011-07-23,Tigres,Cruz Azul,1,1,regular
2011-07-23,Tijuana,Morelia,1,2,regular
2011-07-23,Atlas,Puebla,0,1,regular
2011-07-23,Atlante,Chivas,0,2,regular
2011-07-24,Pumas,San Luis,2,0,regular
2011-07-24,América,Querétaro,2,1,regular
2011-07-24,Chiapas,Monterrey,1,4,regular
2011-07-30,Cruz Azul,Atlas,2,1,regular
2011-07-30,Querétaro,Tigres,0,0,regular
2011-07-30,Monterrey,Tijuana,4,2,regular
2011-07-30,Santos,Atlante,3,0,regular
2011-07-30,San Luis,Tecos,2,1,regular
2011-07-31,Morelia,Pumas,0,1,regular
2011-07-31,Puebla,Pachuca,2,2,regular
2011-07-31,Toluca,América,1,1,regular
2011-07-31,Chivas,Chiapas,2,1,regular
2011-08-03,América,Tecos,1,2,regular
2011-08-03,Pachuca,Cruz Azul,1,0,regular
2011-08-03,Atlas,Querétaro,3,0,regular
2011-08-03,Tigres,Toluca,2,2,regular
2011-08-03,Pumas,Monterrey,2,1,regular
2011-08-03,Atlante,Puebla,5,1,regular
2011-08-06,Cruz Azul,Atlante,2,1,regular
2011-08-06,Querétaro,Pachuca,2,1,regular
2011-08-06,Chivas,Pumas,0,0,regular
2011-08-06,Santos,Tijuana,1,3,regular
2011-08-06,Monterrey,Morelia,2,0,regular
2011-08-07,Puebla,Chiapas,1,2,regular
2011-08-07,Toluca,Atlas,0,0,regular
2011-08-07,Tecos,Tigres,0,1,regular
2011-08-12,Morelia,Chivas,1,2,regular
2011-08-13,San Luis,Monterrey,1,0,regular
2011-08-13,Chiapas,Cruz Azul,1,1,regular
2011-08-13,Tigres,América,2,2,regular
2011-08-13,Pachuca,Toluca,3,0,regular
2011-08-13,Atlas,Tecos,0,2,regular
2011-08-13,Atlante,Querétaro,1,3,regular
2011-08-14,Pumas,Santos,1,1,regular
2011-08-14,Tijuana,Puebla,1,1,regular
2011-08-19,Tecos,Pachuca,2,1,regular
2011-08-20,Cruz Azul,Tijuana,2,1,regular
2011-08-20,Querétaro,Chiapas,1,2,regular
2011-08-20,Chivas,Monterrey,2,1,regular
2011-08-20,Tigres,San Luis,1,0,regular
2011-08-21,Puebla,Pumas,2,1,regular
2011-08-21,Toluca,Atlante,2,1,regular
2011-08-21,América,Atlas,5,2,regular
2011-08-26,Chiapas,Toluca,1,1,regular
2011-08-27,Monterrey,Santos,2,0,regular
2011-08-27,Pachuca,América,2,0,regular
2011-08-27,Atlas,Tigres,0,1,regular
2011-08-27,San Luis,Chivas,2,0,regular
2011-08-27,Atlante,Tecos,2,1,regular
2011-08-28,Pumas,Cruz Azul,1,2,regular
2011-08-28,Tijuana,Querétaro,1,1,regular
2011-08-28,Morelia,Puebla,0,0,regular
2011-09-02,Tijuana,Chivas,0,1,regular
2011-09-02,Chiapas,Santos,3,2,regular
2011-09-04,San Luis,Morelia,2,3,regular
2011-09-09,Tecos,Chiapas,0,2,regular
2011-09-10,Cruz Azul,Morelia,0,1,regular
2011-09-10,Querétaro,Pumas,4,0,regular
2011-09-10,Santos,Chivas,1,1,regular
2011-09-10,Tigres,Pachuca,5,0,regular
2011-09-10,Atlas,San Luis,1,1,regular
2011-09-11,Puebla,Monterrey,3,3,regular
2011-09-11,Toluca,Tijuana,1,1,regular
2011-09-11,América,Atlante,0,1,regular
2011-09-14,América,San Luis,2,2,regular
2011-09-17,Monterrey,Cruz Azul,1,2,regular
2011-09-17,Chiapas,América,5,3,regular
2011-09-17,Chivas,Puebla,1,4,regular
2011-09-17,Pachuca,Atlas,4,2,regular
2011-09-17,San Luis,Santos,0,1,regular
2011-09-17,Atlante,Tigres,1,0,regular
2011-09-18,Pumas,Toluca,4,1,regular
2011-09-18,Tijuana,Tecos,0,2,regular
2011-09-18,Morelia,Querétaro,4,2,regular
2011-09-24,Cruz Azul,Chivas,1,1,regular
2011-09-24,Querétaro,Monterrey,2,1,regular
2011-09-24,Tecos,Pumas,1,2,regular
2011-09-24,Tigres,Chiapas,1,1,regular
2011-09-24,Pachuca,San Luis,1,1,regular
2011-09-24,Atlas,Atlante,2,3,regular
2011-09-25,Puebla,Santos,1,2,regular
2011-09-25,Toluca,Morelia,2,1,regular
2011-09-25,América,Tijuana,1,1,regular
2011-09-30,Chiapas,Atlas,1,1,regular
2011-10-01,Pumas,América,1,0,regular
2011-10-01,Morelia,Tecos,0,2,regular
2011-10-01,Monterrey,Toluca,0,0,regular
2011-10-01,Santos,Cruz Azul,1,0,regular
2011-10-01,Chivas,Querétaro,0,1,regular
2011-10-01,San Luis,Puebla,2,1,regular
2011-10-01,Atlante,Pachuca,0,1,regular
2011-10-02,Tijuana,Tigres,1,1,regular
2011-10-07,Tecos,Monterrey,2,3,regular
2011-10-08,Cruz Azul,Puebla,2,0,regular
2011-10-08,Querétaro,Santos,1,3,regular
2011-10-08,Tigres,Pumas,4,1,regular
2011-10-08,Pachuca,Chiapas,1,0,regular
2011-10-08,Atlas,Tijuana,2,2,regular
2011-10-08,Atlante,San Luis,1,1,regular
2011-10-09,Toluca,Chivas,0,0,regular
2011-10-09,América,Morelia,1,1,regular
2011-10-14,Morelia,Tigres,2,0,regular
2011-10-15,Monterrey,América,0,3,regular
2011-10-15,Chiapas,Atlante,1,1,regular
2011-10-15,Santos,Toluca,3,2,regular
2011-10-15,Chivas,Tecos,5,2,regular
2011-10-15,Tijuana,Pachuca,3,2,regular
2011-10-15,San Luis,Cruz Azul,1,1,regular
2011-10-16,Puebla,Querétaro,1,0,regular
2011-10-16,Pumas,Atlas,1,4,regular
2011-10-22,Tecos,Santos,5,2,regular
2011-10-22,Querétaro,Cruz Azul,1,0,regular
2011-10-22,Chiapas,San Luis,3,1,regular
2011-10-22,Tigres,Monterrey,0,0,regular
2011-10-22,Pachuca,Pumas,0,0,regular
2011-10-22,Atlas,Morelia,1,1,regular
2011-10-22,Atlante,Tijuana,1,1,regular
2011-10-23,Toluca,Puebla,4,3,regular
2011-10-23,América,Chivas,1,3,regular
2011-10-25,Morelia,Pachuca,2,2,regular
2011-10-26,Cruz Azul,Toluca,0,0,regular
2011-10-26,Puebla,Tecos,2,1,regular
2011-10-26,Chivas,Tigres,1,0,regular
2011-10-26,Monterrey,Atlas,2,0,regular
2011-10-26,San Luis,Querétaro,2,1,regular
2011-10-26,Pumas,Atlante,1,0,regular
2011-10-26,Santos,América,1,1,regular
2011-10-26,Tijuana,Chiapas,2,0,regular
2011-10-29,Atlante,Morelia,4,4,regular
2011-10-29,Chiapas,Pumas,4,0,regular
2011-10-29,Tigres,Santos,2,1,regular
2011-10-29,Pachuca,Monterrey,4,0,regular
2011-10-29,Atlas,Chivas,1,1,regular
2011-10-30,Tecos,Cruz Azul,0,2,regular
2011-10-30,Toluca,Querétaro,0,1,regular
2011-10-30,Tijuana,San Luis,0,0,regular
2011-10-30,América,Puebla,2,3,regular
2011-11-01,Santos,Morelia,0,2,regular
2011-11-04,Morelia,Chiapas,1,0,regular
2011-11-05,Querétaro,Tecos,3,0,regular
2011-11-05,Monterrey,Atlante,3,2,regular
2011-11-05,Cruz Azul,América,3,1,regular
2011-11-05,Santos,Atlas,3,0,regular
2011-11-05,Chivas,Pachuca,2,2,regular
2011-11-05,San Luis,Toluca,5,1,regular
2011-11-06,Puebla,Tigres,0,1,regular
2011-11-06,Pumas,Tijuana,1,1,regular
2011-11-19,Querétaro,Chivas,2,1,liguilla
2011-11-19,Morelia,Cruz Azul,2,1,liguilla
2011-11-20,Chiapas,Santos,2,2,liguilla
2011-11-20,Pachuca,Tigres,0,1,liguilla
2011-11-26,Cruz Azul,Morelia,1,2,liguilla
2011-11-26,Chivas,Querétaro,0,0,liguilla
2011-11-27,Santos,Chiapas,2,1,liguilla
2011-11-27,Tigres,Pachuca,3,0,liguilla
2011-11-30,Morelia,Santos,2,1,liguilla
2011-12-01,Querétaro,Tigres,0,0,liguilla
2011-12-03,Santos,Morelia,3,2,liguilla
2011-12-04,Tigres,Querétaro,1,0,liguilla
2011-12-08,Santos,Tigres,0,1,liguilla
2011-12-11,Tigres,Santos,3,1,liguilla
2012-01-06,Morelia,Tijuana,1,1,regular
2012-01-07,Monterrey,Chiapas,2,1,regular
2012-01-07,Querétaro,América,0,2,regular
2012-01-07,Cruz Azul,Tigres,1,1,regular
2012-01-07,Santos,Pachuca,0,0,regular
2012-01-07,Chivas,Atlante,0,1,regular
2012-01-07,San Luis,Pumas,1,0,regular
2012-01-08,Toluca,Tecos,3,1,regular
2012-01-08,Puebla,Atlas,0,0,regular
2012-01-13,Tecos,San Luis,0,2,regular
2012-01-14,Chiapas,Chivas,3,1,regular
2012-01-14,Tigres,Querétaro,1,0,regular
2012-01-14,Pachuca,Puebla,3,1,regular
2012-01-14,Tijuana,Monterrey,1,0,regular
2012-01-14,Atlas,Cruz Azul,0,2,regular
2012-01-14,Atlante,Santos,1,2,regular
2012-01-15,Pumas,Morelia,3,0,regular
2012-01-15,América,Toluca,1,1,regular
2012-01-20,Tecos,América,1,1,regular
2012-01-20,Morelia,San Luis,2,0,regular
2012-01-21,Querétaro,Atlas,2,1,regular
2012-01-21,Cruz Azul,Pachuca,1,1,regular
2012-01-21,Monterrey,Pumas,1,1,regular
2012-01-21,Santos,Chiapas,1,0,regular
2012-01-21,Chivas,Tijuana,0,2,regular
2012-01-22,Toluca,Tigres,2,1,regular
2012-01-22,Puebla,Atlante,1,2,regular
2012-01-27,Morelia,Monterrey,0,0,regular
2012-01-28,Chiapas,Puebla,0,1,regular
2012-01-28,Tigres,Tecos,2,1,regular
2012-01-28,Pachuca,Querétaro,1,1,regular
2012-01-28,Atlas,Toluca,1,0,regular
2012-01-28,San Luis,América,1,3,regular
2012-01-28,Atlante,Cruz Azul,2,2,regular
2012-01-29,Pumas,Chivas,0,0,regular
2012-01-29,Tijuana,Santos,1,3,regular
2012-02-03,Tecos,Atlas,0,0,regular
2012-02-04,Querétaro,Atlante,2,3,regular
2012-02-04,Cruz Azul,Chiapas,2,0,regular
2012-02-04,Monterrey,San Luis,3,0,regular
2012-02-04,Chivas,Morelia,1,2,regular
2012-02-04,Santos,Pumas,2,1,regular
2012-02-05,Toluca,Pachuca,3,4,regular
2012-02-05,Puebla,Tijuana,1,1,regular
2012-02-05,América,Tigres,0,1,regular
2012-02-10,Morelia,Santos,3,1,regular
2012-02-11,Chiapas,Querétaro,3,0,regular
2012-02-11,Monterrey,Chivas,2,0,regular
2012-02-11,Pachuca,Tecos,2,0,regular
2012-02-11,San Luis,Tigres,0,2,regular
2012-02-11,Atlas,América,1,1,regular
2012-02-11,Atlante,Toluca,0,2,regular
2012-02-12,Pumas,Puebla,0,2,regular
2012-02-12,Tijuana,Cruz Azul,0,0,regular
2012-02-17,Tecos,Atlante,2,1,regular
2012-02-18,Cruz Azul,Pumas,1,1,regular
2012-02-18,Querétaro,Tijuana,0,2,regular
2012-02-18,Santos,Monterrey,1,1,regular
2012-02-18,Tigres,Atlas,0,0,regular
2012-02-18,Chivas,San Luis,0,0,regular
2012-02-19,Toluca,Chiapas,3,1,regular
2012-02-19,Puebla,Morelia,1,2,regular
2012-02-19,América,Pachuca,1,0,regular
2012-02-25,Chiapas,Tecos,1,0,regular
2012-02-25,Monterrey,Puebla,2,1,regular
2012-02-25,Pachuca,Tigres,1,1,regular
2012-02-25,San Luis,Atlas,0,1,regular
2012-02-25,Atlante,América,0,4,regular
2012-02-25,Tijuana,Toluca,1,1,regular
2012-02-26,Morelia,Cruz Azul,2,0,regular
2012-02-26,Pumas,Querétaro,1,1,regular
2012-02-26,Chivas,Santos,2,1,regular
2012-03-02,Tecos,Tijuana,0,2,regular
2012-03-03,Querétaro,Morelia,0,3,regular
2012-03-03,Cruz Azul,Monterrey,4,3,regular
2012-03-03,Tigres,Atlante,1,0,regular
2012-03-03,Santos,San Luis,5,2,regular
2012-03-03,Atlas,Pachuca,0,0,regular
2012-03-04,Toluca,Pumas,0,2,regular
2012-03-04,Puebla,Chivas,1,2,regular
2012-03-04,América,Chiapas,2,0,regular
2012-03-09,Morelia,Toluca,1,2,regular
2012-03-09,Tijuana,América,1,1,regular
2012-03-10,Chiapas,Tigres,2,2,regular
2012-03-10,Monterrey,Querétaro,4,1,regular
2012-03-10,Chivas,Cruz Azul,2,1,regular
2012-03-10,Santos,Puebla,3,1,regular
2012-03-10,San Luis,Pachuca,0,0,regular
2012-03-10,Atlante,Atlas,0,0,regular
2012-03-11,Pumas,Tecos,0,0,regular
2012-03-16,Tecos,Morelia,1,2,regular
2012-03-17,Querétaro,Chivas,0,0,regular
2012-03-17,Cruz Azul,Santos,0,1,regular
2012-03-17,Pachuca,Atlante,3,2,regular
2012-03-17,Tigres,Tijuana,1,0,regular
2012-03-17,Atlas,Chiapas,0,3,regular
2012-03-18,Toluca,Monterrey,1,1,regular
2012-03-18,Puebla,San Luis,0,1,regular
2012-03-18,América,Pumas,2,1,regular
2012-03-22,Chiapas,Pachuca,3,2,regular
2012-03-23,Morelia,América,3,1,regular
2012-03-24,Monterrey,Tecos,4,0,regular
2012-03-24,Santos,Querétaro,2,0,regular
2012-03-24,Chivas,Toluca,2,0,regular
2012-03-24,Tijuana,Atlas,2,0,regular
2012-03-24,San Luis,Atlante,2,3,regular
2012-03-25,Pumas,Tigres,0,2,regular
2012-03-25,Puebla,Cruz Azul,1,1,regular
2012-03-30,Pachuca,Tijuana,1,0,regular
2012-03-31,Cruz Azul,San Luis,3,1,regular
2012-03-31,Querétaro,Puebla,0,1,regular
2012-03-31,Tigres,Morelia,4,1,regular
2012-03-31,Atlas,Pumas,0,0,regular
2012-03-31,Atlante,Chiapas,2,2,regular
2012-04-01,Toluca,Santos,1,3,regular
2012-04-01,América,Monterrey,2,3,regular
2012-04-01,Tecos,Chivas,1,0,regular
2012-04-06,Morelia,Atlas,0,0,regular
2012-04-07,Santos,Tecos,1,1,regular
2012-04-07,San Luis,Chiapas,2,3,regular
2012-04-07,Monterrey,Tigres,2,0,regular
2012-04-07,Tijuana,Atlante,2,1,regular
2012-04-08,Pumas,Pachuca,0,1,regular
2012-04-08,Puebla,Toluca,2,1,regular
2012-04-08,Cruz Azul,Querétaro,1,2,regular
2012-04-08,Chivas,América,0,1,regular
2012-04-13,Tecos,Puebla,1,1,regular
2012-04-13,Chiapas,Tijuana,0,0,regular
2012-04-14,Querétaro,San Luis,2,2,regular
2012-04-14,América,Santos,3,1,regular
2012-04-14,Pachuca,Morelia,1,2,regular
2012-04-14,Tigres,Chivas,2,1,regular
2012-04-14,Atlas,Monterrey,1,0,regular
2012-04-14,Atlante,Pumas,1,2,regular
2012-04-15,Toluca,Cruz Azul,0,3,regular
2012-04-20,Morelia,Atlante,1,1,regular
2012-04-21,Cruz Azul,Tecos,5,2,regular
2012-04-21,Querétaro,Toluca,2,2,regular
2012-04-21,San Luis,Tijuana,0,1,regular
2012-04-21,Santos,Tigres,3,0,regular
2012-04-21,Chivas,Atlas,0,1,regular
2012-04-21,Monterrey,Pachuca,1,1,regular
2012-04-22,Pumas,Chiapas,0,3,regular
2012-04-22,Puebla,América,2,3,regular
2012-04-27,Tecos,Querétaro,1,1,regular
2012-04-28,Chiapas,Morelia,1,0,regular
2012-04-28,Pachuca,Chivas,3,1,regular
2012-04-28,Tigres,Puebla,1,2,regular
2012-04-28,Atlas,Santos,1,3,regular
2012-04-28,Atlante,Monterrey,0,3,regular
2012-04-29,Toluca,San Luis,2,1,regular
2012-04-29,Tijuana,Pumas,1,1,regular
2012-04-29,América,Cruz Azul,2,2,regular
2012-05-02,Pachuca,América,1,3,liguilla
2012-05-02,Tijuana,Monterrey,1,2,liguilla
2012-05-03,Chiapas,Santos,3,4,liguilla
2012-05-03,Tigres,Morelia,1,0,liguilla
2012-05-05,América,Pachuca,0,1,liguilla
2012-05-05,Monterrey,Tijuana,2,2,liguilla
2012-05-06,Santos,Chiapas,2,1,liguilla
2012-05-06,Morelia,Tigres,1,4,liguilla
2012-05-09,América,Monterrey,0,0,liguilla
2012-05-10,Tigres,Santos,1,1,liguilla
2012-05-12,Monterrey,América,2,0,liguilla
2012-05-13,Santos,Tigres,2,2,liguilla
2012-05-17,Monterrey,Santos,1,1,liguilla
2012-05-20,Santos,Monterrey,2,1,liguilla
2012-07-20,Chiapas,Tigres,0,4,regular
2012-07-20,Tijuana,Puebla,2,0,regular
2012-07-21,Cruz Azul,Morelia,0,0,regular
2012-07-21,Querétaro,León,0,2,regular
2012-07-21,Monterrey,América,0,0,regular
2012-07-21,Santos,San Luis,2,1,regular
2012-07-21,Atlas,Pumas,1,1,regular
2012-07-22,Toluca,Chivas,2,1,regular
2012-07-22,Atlante,Pachuca,0,0,regular
2012-07-27,Morelia,Monterrey,1,0,regular
2012-07-27,León,Tijuana,4,0,regular
2012-07-28,América,Chiapas,4,2,regular
2012-07-28,Tigres,Atlante,2,1,regular
2012-07-28,Pachuca,Atlas,0,3,regular
2012-07-28,San Luis,Cruz Azul,1,2,regular
2012-07-29,Pumas,Querétaro,3,0,regular
2012-07-29,Puebla,Toluca,1,3,regular
2012-07-29,Chivas,Santos,0,1,regular
2012-08-03,Santos,Puebla,2,2,regular
2012-08-03,Tijuana,Pumas,1,0,regular
2012-08-03,Morelia,San Luis,3,3,regular
2012-08-04,Cruz Azul,Chivas,0,0,regular
2012-08-04,Querétaro,Pachuca,0,1,regular
2012-08-04,Monterrey,Chiapas,2,1,regular
2012-08-04,Atlas,Tigres,0,0,regular
2012-08-05,Toluca,León,2,1,regular
2012-08-05,Atlante,América,2,2,regular
2012-08-10,Chiapas,Atlante,1,2,regular
2012-08-10,León,Santos,3,0,regular
2012-08-11,América,Atlas,1,1,regular
2012-08-11,Pachuca,Tijuana,2,2,regular
2012-08-11,Tigres,Querétaro,2,2,regular
2012-08-11,San Luis,Monterrey,1,1,regular
2012-08-12,Pumas,Toluca,1,2,regular
2012-08-12,Puebla,Cruz Azul,0,1,regular
2012-08-12,Chivas,Morelia,1,1,regular
2012-08-17,Tijuana,Tigres,2,1,regular
2012-08-17,Morelia,Puebla,3,0,regular
2012-08-17,Cruz Azul,León,1,1,regular
2012-08-18,Querétaro,América,0,4,regular
2012-08-18,Santos,Pumas,1,2,regular
2012-08-18,Monterrey,Atlante,1,1,regular
2012-08-18,San Luis,Chivas,0,1,regular
2012-08-18,Atlas,Chiapas,1,1,regular
2012-08-19,Toluca,Pachuca,1,0,regular
2012-08-24,Chiapas,Querétaro,2,1,regular
2012-08-24,León,Morelia,1,3,regular
2012-08-25,América,Tijuana,0,1,regular
2012-08-25,Pachuca,Santos,0,0,regular
2012-08-25,Tigres,Toluca,1,1,regular
2012-08-26,Puebla,San Luis,1,0,regular
2012-08-26,Pumas,Cruz Azul,0,1,regular
2012-08-26,Chivas,Monterrey,1,2,regular
2012-08-26,Atlante,Atlas,1,0,regular
2012-08-31,Tijuana,Chiapas,2,0,regular
2012-08-31,Morelia,Pumas,0,1,regular
2012-09-01,Cruz Azul,Pachuca,1,1,regular
2012-09-01,Querétaro,Atlante,0,1,regular
2012-09-01,Santos,Tigres,3,1,regular
2012-09-01,Monterrey,Atlas,1,1,regular
2012-09-01,San Luis,León,0,2,regular
2012-09-02,Toluca,América,1,1,regular
2012-09-02,Chivas,Puebla,1,1,regular
2012-09-14,Chiapas,Toluca,2,0,regular
2012-09-14,Pachuca,Morelia,3,2,regular
2012-09-14,León,Chivas,1,2,regular
2012-09-15,América,Santos,2,0,regular
2012-09-15,Tigres,Cruz Azul,2,0,regular
2012-09-15,Atlas,Querétaro,0,0,regular
2012-09-16,Puebla,Monterrey,2,3,regular
2012-09-16,Pumas,San Luis,0,1,regular
2012-09-16,Atlante,Tijuana,1,2,regular
2012-09-21,Puebla,León,1,1,regular
2012-09-21,Morelia,Tigres,1,1,regular
2012-09-22,Cruz Azul,América,1,1,regular
2012-09-22,Santos,Chiapas,0,0,regular
2012-09-22,Monterrey,Querétaro,3,2,regular
2012-09-22,San Luis,Pachuca,1,0,regular
2012-09-22,Tijuana,Atlas,1,1,regular
2012-09-23,Toluca,Atlante,1,0,regular
2012-09-23,Chivas,Pumas,0,0,regular
2012-09-28,Chiapas,Cruz Azul,1,0,regular
2012-09-28,León,Monterrey,2,0,regular
2012-09-29,América,Morelia,1,1,regular
2012-09-29,Querétaro,Tijuana,0,1,regular
2012-09-29,Pachuca,Chivas,1,0,regular
2012-09-29,Tigres,San Luis,0,0,regular
2012-09-29,Atlas,Toluca,1,3,regular
2012-09-30,Pumas,Puebla,2,1,regular
2012-09-30,Atlante,Santos,1,3,regular
2012-10-02,Chivas,Tigres,2,1,regular
2012-10-02,San Luis,América,1,2,regular
2012-10-03,Puebla,Pachuca,2,0,regular
2012-10-03,Toluca,Querétaro,4,1,regular
2012-10-03,Cruz Azul,Atlante,4,0,regular
2012-10-03,Santos,Atlas,2,1,regular
2012-10-03,León,Pumas,2,1,regular
2012-10-03,Monterrey,Tijuana,1,1,regular
2012-10-04,Morelia,Chiapas,1,1,regular
2012-10-06,América,Chivas,1,3,regular
2012-10-06,Querétaro,Santos,1,1,regular
2012-10-06,Pachuca,León,1,1,regular
2012-10-06,Tigres,Puebla,1,2,regular
2012-10-06,Atlas,Cruz Azul,1,1,regular
2012-10-07,Pumas,Monterrey,3,2,regular
2012-10-07,Chiapas,San Luis,4,0,regular
2012-10-07,Atlante,Morelia,2,2,regular
2012-10-07,Tijuana,Toluca,1,0,regular
2012-10-13,Cruz Azul,Querétaro,3,2,regular
2012-10-13,León,Tigres,2,0,regular
2012-10-13,Santos,Tijuana,2,2,regular
2012-10-13,San Luis,Atlante,2,2,regular
2012-10-14,Pumas,Pachuca,1,0,regular
2012-10-14,Chivas,Chiapas,1,1,regular
2012-10-19,Chiapas,Puebla,2,0,regular
2012-10-19,Tijuana,Cruz Azul,2,2,regular
2012-10-20,América,León,2,1,regular
2012-10-20,Querétaro,Morelia,1,2,regular
2012-10-20,Tigres,Pumas,5,0,regular
2012-10-20,Pachuca,Monterrey,1,1,regular
2012-10-20,Atlas,San Luis,2,3,regular
2012-10-21,Toluca,Santos,4,1,regular
2012-10-21,Atlante,Chivas,3,1,regular
2012-10-23,Morelia,Atlas,2,0,regular
2012-10-25,Puebla,América,0,1,regular
2012-10-26,León,Chiapas,4,1,regular
2012-10-27,Cruz Azul,Toluca,3,0,regular
2012-10-27,San Luis,Querétaro,0,0,regular
2012-10-27,Morelia,Tijuana,1,1,regular
2012-10-27,Monterrey,Santos,3,2,regular
2012-10-27,Pachuca,Tigres,1,0,regular
2012-10-28,Puebla,Atlante,1,2,regular
2012-10-28,Pumas,América,0,1,regular
2012-10-28,Chivas,Atlas,2,0,regular
2012-11-02,Chiapas,Pumas,3,0,regular
2012-11-02,Santos,Cruz Azul,2,1,regular
2012-11-03,América,Pachuca,4,0,regular
2012-11-03,Querétaro,Chivas,0,1,regular
2012-11-03,Monterrey,Tigres,0,1,regular
2012-11-03,Tijuana,San Luis,0,0,regular
2012-11-04,Toluca,Morelia,0,0,regular
2012-11-04,Atlas,Puebla,2,2,regular
2012-11-04,Atlante,León,2,3,regular
2012-11-07,Monterrey,Toluca,2,2,regular
2012-11-09,León,Atlas,3,1,regular
2012-11-09,Morelia,Santos,2,0,regular
2012-11-10,Cruz Azul,Monterrey,1,1,regular
2012-11-10,Tigres,América,1,1,regular
2012-11-10,Pachuca,Chiapas,2,1,regular
2012-11-10,San Luis,Toluca,0,2,regular
2012-11-11,Puebla,Querétaro,0,1,regular
2012-11-11,Pumas,Atlante,3,2,regular
2012-11-11,Chivas,Tijuana,0,2,regular
2012-11-14,Cruz Azul,León,2,1,liguilla
2012-11-14,Morelia,América,0,2,liguilla
2012-11-15,Monterrey,Tijuana,0,1,liguilla
2012-11-15,Chivas,Toluca,1,2,liguilla
2012-11-17,América,Morelia,1,2,liguilla
2012-11-17,León,Cruz Azul,3,0,liguilla
2012-11-18,Toluca,Chivas,3,1,liguilla
2012-11-18,Tijuana,Monterrey,1,1,liguilla
2012-11-22,América,Toluca,0,2,liguilla
2012-11-22,León,Tijuana,2,0,liguilla
2012-11-25,Toluca,América,1,2,liguilla
2012-11-25,Tijuana,León,3,0,liguilla
2012-11-29,Tijuana,Toluca,2,1,liguilla
2012-12-02,Toluca,Tijuana,0,2,liguilla
2013-01-04,Morelia,Cruz Azul,3,3,regular
2013-01-05,América,Monterrey,2,1,regular
2013-01-05,Tigres,Chiapas,3,0,regular
2013-01-05,Pachuca,Atlante,2,0,regular
2013-01-05,León,Querétaro,2,2,regular
2013-01-05,San Luis,Santos,1,1,regular
2013-01-06,Pumas,Atlas,1,1,regular
2013-01-06,Puebla,Tijuana,1,2,regular
2013-01-06,Chivas,Toluca,1,1,regular
2013-01-11,Chiapas,América,0,2,regular
2013-01-11,Santos,Chivas,2,0,regular
2013-01-12,Cruz Azul,San Luis,2,1,regular
2013-01-12,Querétaro,Pumas,2,1,regular
2013-01-12,Monterrey,Morelia,1,0,regular
2013-01-12,Tijuana,León,1,0,regular
2013-01-12,Atlas,Pachuca,2,0,regular
2013-01-13,Toluca,Puebla,1,1,regular
2013-01-13,Atlante,Tigres,1,3,regular
2013-01-18,Chiapas,Monterrey,1,1,regular
2013-01-18,León,Toluca,1,2,regular
2013-01-19,América,Atlante,4,0,regular
2013-01-19,Pachuca,Querétaro,1,1,regular
2013-01-19,Tigres,Atlas,1,0,regular
2013-01-19,San Luis,Morelia,1,2,regular
2013-01-20,Puebla,Santos,2,1,regular
2013-01-20,Pumas,Tijuana,1,2,regular
2013-01-20,Chivas,Cruz Azul,1,1,regular
2013-01-25,Morelia,Chivas,1,1,regular
2013-01-25,Santos,León,2,0,regular
2013-01-26,Querétaro,Tigres,0,2,regular
2013-01-26,Cruz Azul,Puebla,4,0,regular
2013-01-26,Tijuana,Pachuca,2,0,regular
2013-01-26,Monterrey,San Luis,3,2,regular
2013-01-26,Atlas,América,2,1,regular
2013-01-27,Toluca,Pumas,0,1,regular
2013-01-27,Atlante,Chiapas,4,3,regular
2013-02-01,Chiapas,Atlas,1,2,regular
2013-02-02,América,Querétaro,3,0,regular
2013-02-02,Pachuca,Toluca,1,0,regular
2013-02-02,Tigres,Tijuana,2,2,regular
2013-02-02,León,Cruz Azul,2,2,regular
2013-02-03,Puebla,Morelia,3,1,regular
2013-02-03,Pumas,Santos,0,0,regular
2013-02-03,Chivas,San Luis,1,1,regular
2013-02-03,Atlante,Monterrey,3,1,regular
2013-02-08,Morelia,León,1,0,regular
2013-02-09,Cruz Azul,Pumas,1,1,regular
2013-02-09,Querétaro,Chiapas,1,1,regular
2013-02-09,Tijuana,América,1,2,regular
2013-02-09,Monterrey,Chivas,0,1,regular
2013-02-09,San Luis,Puebla,1,3,regular
2013-02-09,Atlas,Atlante,2,1,regular
2013-02-10,Toluca,Tigres,1,4,regular
2013-02-10,Santos,Pachuca,0,1,regular
2013-02-15,Chiapas,Tijuana,2,0,regular
2013-02-16,América,Toluca,2,2,regular
2013-02-16,Pachuca,Cruz Azul,2,1,regular
2013-02-16,Tigres,Santos,1,1,regular
2013-02-16,León,San Luis,2,0,regular
2013-02-16,Atlas,Monterrey,2,1,regular
2013-02-17,Pumas,Morelia,1,0,regular
2013-02-17,Puebla,Chivas,1,1,regular
2013-02-17,Atlante,Querétaro,1,1,regular
2013-02-22,Morelia,Pachuca,3,2,regular
2013-02-22,Santos,América,1,0,regular
2013-02-23,Cruz Azul,Tigres,1,2,regular
2013-02-23,Querétaro,Atlas,0,0,regular
2013-02-23,Monterrey,Puebla,3,0,regular
2013-02-23,Tijuana,Atlante,2,0,regular
2013-02-23,San Luis,Pumas,0,2,regular
2013-02-24,Toluca,Chiapas,2,1,regular
2013-02-24,Chivas,León,2,1,regular
2013-03-01,Chiapas,Santos,1,3,regular
2013-03-02,América,Cruz Azul,3,0,regular
2013-03-02,Querétaro,Monterrey,1,0,regular
2013-03-02,Pachuca,San Luis,2,1,regular
2013-03-02,Tigres,Morelia,1,1,regular
2013-03-02,León,Puebla,0,1,regular
2013-03-02,Atlas,Tijuana,1,0,regular
2013-03-03,Pumas,Chivas,1,1,regular
2013-03-03,Atlante,Toluca,0,1,regular
2013-03-08,Morelia,América,1,1,regular
2013-03-09,Cruz Azul,Chiapas,1,1,regular
2013-03-09,Santos,Atlante,2,1,regular
2013-03-09,Tijuana,Querétaro,0,1,regular
2013-03-09,Monterrey,León,2,1,regular
2013-03-09,San Luis,Tigres,1,2,regular
2013-03-10,Toluca,Atlas,0,1,regular
2013-03-10,Puebla,Pumas,0,1,regular
2013-03-10,Chivas,Pachuca,1,0,regular
2013-03-15,Chiapas,Morelia,1,1,regular
2013-03-16,América,San Luis,1,1,regular
2013-03-16,Querétaro,Toluca,1,0,regular
2013-03-16,Pachuca,Puebla,2,1,regular
2013-03-16,Tigres,Chivas,1,1,regular
2013-03-16,Atlas,Santos,1,2,regular
2013-03-16,Tijuana,Monterrey,2,2,regular
2013-03-17,Pumas,León,0,0,regular
2013-03-17,Atlante,Cruz Azul,0,3,regular
2013-03-30,Cruz Azul,Atlas,1,2,regular
2013-03-30,Toluca,Tijuana,1,0,regular
2013-03-30,Morelia,Atlante,4,0,regular
2013-03-30,Santos,Querétaro,1,1,regular
2013-03-30,Monterrey,Pumas,3,0,regular
2013-03-30,León,Pachuca,0,0,regular
2013-03-30,San Luis,Chiapas,3,0,regular
2013-03-31,Puebla,Tigres,1,2,regular
2013-03-31,Chivas,América,0,2,regular
2013-04-05,Chiapas,Chivas,3,2,regular
2013-04-06,América,Puebla,1,1,regular
2013-04-06,Querétaro,Cruz Azul,1,2,regular
2013-04-06,Pachuca,Pumas,1,2,regular
2013-04-06,Tigres,León,0,0,regular
2013-04-06,Atlas,Morelia,0,0,regular
2013-04-06,Tijuana,Santos,0,0,regular
2013-04-07,Toluca,Monterrey,1,0,regular
2013-04-07,Atlante,San Luis,0,1,regular
2013-04-12,Santos,Toluca,2,1,regular
2013-04-12,Morelia,Querétaro,1,0,regular
2013-04-13,Cruz Azul,Tijuana,5,0,regular
2013-04-13,Monterrey,Pachuca,2,0,regular
2013-04-13,León,América,1,1,regular
2013-04-13,San Luis,Atlas,2,2,regular
2013-04-14,Pumas,Tigres,2,1,regular
2013-04-14,Puebla,Chiapas,1,2,regular
2013-04-14,Chivas,Atlante,1,2,regular
2013-04-19,Chiapas,León,2,2,regular
2013-04-19,Santos,Monterrey,1,0,regular
2013-04-20,Querétaro,San Luis,2,1,regular
2013-04-20,Atlas,Chivas,1,0,regular
2013-04-20,Tigres,Pachuca,3,1,regular
2013-04-20,Tijuana,Morelia,1,2,regular
2013-04-20,América,Pumas,1,0,regular
2013-04-21,Toluca,Cruz Azul,0,2,regular
2013-04-21,Atlante,Puebla,2,0,regular
2013-04-26,Morelia,Toluca,2,1,regular
2013-04-27,Cruz Azul,Santos,1,0,regular
2013-04-27,Tigres,Monterrey,0,1,regular
2013-04-27,Pachuca,América,2,4,regular
2013-04-27,León,Atlante,1,0,regular
2013-04-27,San Luis,Tijuana,1,0,regular
2013-04-28,Pumas,Chiapas,3,0,regular
2013-04-28,Puebla,Atlas,1,1,regular
2013-04-28,Chivas,Querétaro,1,2,regular
2013-05-03,Chiapas,Pachuca,2,1,regular
2013-05-03,Tijuana,Chivas,4,0,regular
2013-05-04,América,Tigres,0,2,regular
2013-05-04,Monterrey,Cruz Azul,1,5,regular
2013-05-04,Santos,Morelia,1,2,regular
2013-05-04,Querétaro,Puebla,2,3,regular
2013-05-04,Atlas,León,0,1,regular
2013-05-05,Toluca,San Luis,0,1,regular
2013-05-05,Atlante,Pumas,1,2,regular
2013-05-08,Monterrey,Tigres,1,0,liguilla
2013-05-08,Pumas,América,0,1,liguilla
2013-05-09,Santos,Atlas,0,0,liguilla
2013-05-09,Cruz Azul,Morelia,4,2,liguilla
2013-05-11,América,Pumas,2,1,liguilla
2013-05-11,Tigres,Monterrey,1,1,liguilla
2013-05-12,Morelia,Cruz Azul,1,0,liguilla
2013-05-12,Atlas,Santos,1,3,liguilla
2013-05-15,Monterrey,América,2,2,liguilla
2013-05-16,Santos,Cruz Azul,0,3,liguilla
2013-05-18,América,Monterrey,2,1,liguilla
2013-05-19,Cruz Azul,Santos,2,1,liguilla
2013-05-23,Cruz Azul,América,1,0,liguilla
2013-05-26,América,Cruz Azul,2,1,liguilla
2013-07-19,Querétaro,Morelia,1,3,regular
2013-07-19,Tijuana,Atlas,3,3,regular
2013-07-20,Cruz Azul,Monterrey,1,0,regular
2013-07-20,Veracruz,Chiapas,2,2,regular
2013-07-20,León,Atlante,1,0,regular
2013-07-21,Puebla,Pumas,1,1,regular
2013-07-21,Toluca,Pachuca,0,1,regular
2013-07-26,Morelia,Toluca,3,4,regular
2013-07-26,Santos,Cruz Azul,3,2,regular
2013-07-27,Monterrey,Puebla,1,1,regular
2013-07-27,Pachuca,Tigres,2,1,regular
2013-07-27,Atlante,Veracruz,2,4,regular
2013-07-27,Chiapas,Chivas,1,1,regular
2013-07-27,Atlas,León,1,2,regular
2013-07-28,Pumas,Querétaro,0,3,regular
2013-07-30,Cruz Azul,Chiapas,1,1,regular
2013-07-30,Atlante,Atlas,1,1,regular
2013-07-30,Tijuana,Pachuca,1,0,regular
2013-07-31,Chivas,Veracruz,0,2,regular
2013-07-31,Querétaro,Monterrey,3,3,regular
2013-07-31,Puebla,Santos,1,1,regular
2013-07-31,Toluca,Pumas,0,0,regular
2013-07-31,Tigres,Morelia,1,2,regular
2013-07-31,León,América,1,1,regular
2013-08-03,Veracruz,Cruz Azul,3,2,regular
2013-08-03,América,Atlas,3,0,regular
2013-08-03,Morelia,Tijuana,2,1,regular
2013-08-03,Santos,Querétaro,2,0,regular
2013-08-03,Monterrey,Toluca,1,1,regular
2013-08-03,Pachuca,León,1,1,regular
2013-08-03,Chiapas,Puebla,4,2,regular
2013-08-04,Pumas,Tigres,0,2,regular
2013-08-04,Chivas,Atlante,1,0,regular
2013-08-09,Querétaro,Chiapas,1,1,regular
2013-08-09,Tijuana,Pumas,2,0,regular
2013-08-10,Cruz Azul,Chivas,3,1,regular
2013-08-10,Tigres,Monterrey,3,1,regular
2013-08-10,Atlante,América,2,4,regular
2013-08-10,León,Morelia,0,0,regular
2013-08-10,Atlas,Pachuca,1,1,regular
2013-08-11,Puebla,Veracruz,0,0,regular
2013-08-11,Toluca,Santos,2,2,regular
2013-08-16,Morelia,Atlas,2,0,regular
2013-08-16,Santos,Tigres,3,0,regular
2013-08-17,Veracruz,Querétaro,0,0,regular
2013-08-17,Cruz Azul,Atlante,1,0,regular
2013-08-17,Monterrey,Tijuana,2,1,regular
2013-08-17,Pachuca,América,0,1,regular
2013-08-17,Chiapas,Toluca,0,4,regular
2013-08-18,Pumas,León,1,1,regular
2013-08-18,Chivas,Puebla,2,4,regular
2013-08-23,Querétaro,Chivas,2,0,regular
2013-08-23,Tijuana,Santos,1,1,regular
2013-08-24,América,Morelia,3,1,regular
2013-08-24,Tigres,Chiapas,2,2,regular
2013-08-24,Atlante,Pachuca,1,1,regular
2013-08-24,León,Monterrey,3,1,regular
2013-08-24,Atlas,Pumas,1,1,regular
2013-08-25,Puebla,Cruz Azul,1,2,regular
2013-08-25,Toluca,Veracruz,3,1,regular
2013-08-30,Morelia,Pachuca,4,1,regular
2013-08-30,Santos,León,0,2,regular
2013-08-31,Cruz Azul,Querétaro,0,2,regular
2013-08-31,Veracruz,Tigres,1,1,regular
2013-08-31,Monterrey,Atlas,0,0,regular
2013-08-31,Chiapas,Tijuana,3,1,regular
2013-09-01,Puebla,Atlante,1,0,regular
2013-09-01,Chivas,Toluca,0,0,regular
2013-09-02,Pumas,América,1,4,regular
2013-09-06,Querétaro,Puebla,1,0,regular
2013-09-07,América,Monterrey,1,0,regular
2013-09-07,Tigres,Chivas,3,3,regular
2013-09-07,Pachuca,Pumas,0,0,regular
2013-09-07,Atlante,Morelia,2,2,regular
2013-09-07,León,Chiapas,0,1,regular
2013-09-07,Atlas,Santos,2,2,regular
2013-09-07,Tijuana,Veracruz,3,0,regular
2013-09-08,Toluca,Cruz Azul,1,2,regular
2013-09-13,Querétaro,Atlante,1,0,regular
2013-09-13,Santos,América,2,1,regular
2013-09-14,Veracruz,León,0,1,regular
2013-09-14,Cruz Azul,Tigres,0,1,regular
2013-09-14,Monterrey,Pachuca,1,0,regular
2013-09-14,Chiapas,Atlas,3,0,regular
2013-09-15,Puebla,Toluca,1,1,regular
2013-09-15,Pumas,Morelia,0,1,regular
2013-09-15,Chivas,Tijuana,2,2,regular
2013-09-20,Morelia,Monterrey,1,3,regular
2013-09-20,Tijuana,Cruz Azul,0,0,regular
2013-09-21,América,Chiapas,3,1,regular
2013-09-21,Tigres,Puebla,0,0,regular
2013-09-21,Pachuca,Santos,1,1,regular
2013-09-21,Atlante,Pumas,1,0,regular
2013-09-21,León,Chivas,2,1,regular
2013-09-21,Atlas,Veracruz,3,3,regular
2013-09-22,Toluca,Querétaro,4,0,regular
2013-09-27,Querétaro,Tigres,2,2,regular
2013-09-27,Santos,Morelia,3,1,regular
2013-09-28,Veracruz,América,0,1,regular
2013-09-28,Cruz Azul,León,1,0,regular
2013-09-28,Monterrey,Pumas,0,1,regular
2013-09-28,Chiapas,Pachuca,2,1,regular
2013-09-29,Toluca,Atlante,7,1,regular
2013-09-29,Puebla,Tijuana,2,0,regular
2013-09-29,Chivas,Atlas,1,1,regular
2013-10-01,América,Tijuana,2,0,regular
2013-10-04,Morelia,Chiapas,2,1,regular
2013-10-04,Tijuana,Querétaro,1,0,regular
2013-10-05,América,Chivas,2,0,regular
2013-10-05,Tigres,Toluca,1,2,regular
2013-10-05,Pachuca,Veracruz,1,1,regular
2013-10-05,Atlante,Monterrey,2,1,regular
2013-10-05,León,Puebla,3,1,regular
2013-10-05,Atlas,Cruz Azul,1,2,regular
2013-10-06,Pumas,Santos,0,1,regular
2013-10-18,Querétaro,León,2,0,regular
2013-10-18,Santos,Monterrey,3,2,regular
2013-10-19,Veracruz,Morelia,1,0,regular
2013-10-19,Cruz Azul,América,1,1,regular
2013-10-19,Tigres,Atlante,3,1,regular
2013-10-19,Chiapas,Pumas,1,1,regular
2013-10-20,Toluca,Tijuana,0,0,regular
2013-10-20,Puebla,Atlas,2,0,regular
2013-10-20,Chivas,Pachuca,1,3,regular
2013-10-25,Morelia,Chivas,1,1,regular
2013-10-25,Tijuana,Tigres,0,0,regular
2013-10-26,América,Puebla,3,1,regular
2013-10-26,Pachuca,Cruz Azul,0,0,regular
2013-10-26,Monterrey,Chiapas,1,1,regular
2013-10-26,Atlante,Santos,1,3,regular
2013-10-26,León,Toluca,2,2,regular
2013-10-26,Atlas,Querétaro,3,1,regular
2013-10-27,Pumas,Veracruz,0,0,regular
2013-10-29,Tigres,América,1,0,regular
2013-10-30,Chivas,Santos,0,2,regular
2013-11-01,Querétaro,América,0,0,regular
2013-11-01,Tijuana,Atlante,4,1,regular
2013-11-02,Veracruz,Monterrey,0,3,regular
2013-11-02,Cruz Azul,Morelia,1,0,regular
2013-11-02,Tigres,León,1,1,regular
2013-11-02,Chiapas,Santos,2,1,regular
2013-11-03,Toluca,Atlas,1,1,regular
2013-11-03,Puebla,Pachuca,1,1,regular
2013-11-03,Chivas,Pumas,1,0,regular
2013-11-08,Morelia,Puebla,1,0,regular
2013-11-08,Santos,Veracruz,2,2,regular
2013-11-09,América,Toluca,1,1,regular
2013-11-09,Pachuca,Querétaro,0,1,regular
2013-11-09,Monterrey,Chivas,2,1,regular
2013-11-09,Atlante,Chiapas,2,0,regular
2013-11-09,León,Tijuana,5,0,regular
2013-11-09,Atlas,Tigres,0,1,regular
2013-11-10,Pumas,Cruz Azul,2,2,regular
2013-11-23,Toluca,Cruz Azul,3,0,liguilla
2013-11-23,Morelia,León,3,3,liguilla
2013-11-24,Tigres,América,2,2,liguilla
2013-11-24,Querétaro,Santos,2,3,liguilla
2013-11-30,Cruz Azul,Toluca,1,1,liguilla
2013-11-30,León,Morelia,4,0,liguilla
2013-12-01,América,Tigres,1,1,liguilla
2013-12-01,Santos,Querétaro,3,1,liguilla
2013-12-05,Toluca,América,2,1,liguilla
2013-12-05,León,Santos,3,1,liguilla
2013-12-08,América,Toluca,2,0,liguilla
2013-12-08,Santos,León,2,2,liguilla
2013-12-12,León,América,2,0,liguilla
2013-12-15,América,León,1,3,liguilla
2014-01-03,Morelia,Querétaro,0,1,regular
2014-01-03,Santos,Chivas,1,1,regular
2014-01-04,América,Tigres,3,0,regular
2014-01-04,Monterrey,Cruz Azul,0,0,regular
2014-01-04,Pachuca,Toluca,0,1,regular
2014-01-04,Chiapas,Veracruz,1,1,regular
2014-01-04,Atlas,Tijuana,0,0,regular
2014-01-05,Pumas,Puebla,2,2,regular
2014-01-05,Atlante,León,1,1,regular
2014-01-10,Querétaro,Pumas,1,0,regular
2014-01-10,Tijuana,América,1,0,regular
2014-01-11,Veracruz,Atlante,2,1,regular
2014-01-11,Cruz Azul,Santos,2,1,regular
2014-01-11,Tigres,Pachuca,0,0,regular
2014-01-11,León,Atlas,3,1,regular
2014-01-12,Puebla,Monterrey,1,1,regular
2014-01-12,Toluca,Morelia,2,2,regular
2014-01-12,Chivas,Chiapas,1,0,regular
2014-01-17,Morelia,Tigres,2,0,regular
2014-01-17,Santos,Puebla,0,0,regular
2014-01-18,Veracruz,Chivas,1,1,regular
2014-01-18,América,León,1,0,regular
2014-01-18,Monterrey,Querétaro,3,1,regular
2014-01-18,Pachuca,Tijuana,2,1,regular
2014-01-18,Chiapas,Cruz Azul,0,1,regular
2014-01-18,Atlas,Atlante,0,1,regular
2014-01-19,Pumas,Toluca,0,2,regular
2014-01-24,Querétaro,Santos,0,0,regular
2014-01-24,Tijuana,Morelia,1,0,regular
2014-01-25,Cruz Azul,Veracruz,4,0,regular
2014-01-25,Tigres,Pumas,1,2,regular
2014-01-25,León,Pachuca,1,3,regular
2014-01-25,Atlas,América,1,2,regular
2014-01-26,Puebla,Chiapas,2,3,regular
2014-01-26,Toluca,Monterrey,2,0,regular
2014-01-26,Atlante,Chivas,1,1,regular
2014-01-31,Morelia,León,0,0,regular
2014-02-01,Santos,Toluca,2,0,regular
2014-02-01,Veracruz,Puebla,0,1,regular
2014-02-01,América,Atlante,1,0,regular
2014-02-01,Monterrey,Tigres,0,0,regular
2014-02-01,Pachuca,Atlas,0,1,regular
2014-02-01,Chivas,Cruz Azul,0,2,regular
2014-02-01,Chiapas,Querétaro,1,0,regular
2014-02-02,Pumas,Tijuana,3,0,regular
2014-02-07,Tijuana,Monterrey,2,1,regular
2014-02-08,América,Pachuca,0,1,regular
2014-02-08,Tigres,Santos,1,1,regular
2014-02-08,León,Pumas,1,2,regular
2014-02-08,Atlas,Morelia,1,1,regular
2014-02-09,Puebla,Chivas,0,1,regular
2014-02-09,Toluca,Chiapas,2,0,regular
2014-02-09,Querétaro,Veracruz,2,0,regular
2014-02-09,Atlante,Cruz Azul,1,4,regular
2014-02-14,Morelia,América,1,0,regular
2014-02-14,Santos,Tijuana,3,2,regular
2014-02-15,Veracruz,Toluca,0,3,regular
2014-02-15,Cruz Azul,Puebla,1,0,regular
2014-02-15,Monterrey,León,0,2,regular
2014-02-15,Pachuca,Atlante,0,1,regular
2014-02-15,Chiapas,Tigres,0,0,regular
2014-02-16,Pumas,Atlas,1,1,regular
2014-02-16,Chivas,Querétaro,2,1,regular
2014-02-21,Querétaro,Cruz Azul,1,3,regular
2014-02-21,Tijuana,Chiapas,0,3,regular
2014-02-22,América,Pumas,1,3,regular
2014-02-22,Tigres,Veracruz,1,0,regular
2014-02-22,Pachuca,Morelia,3,0,regular
2014-02-22,León,Santos,4,2,regular
2014-02-22,Atlas,Monterrey,0,1,regular
2014-02-23,Toluca,Chivas,1,0,regular
2014-02-23,Atlante,Puebla,0,0,regular
2014-02-28,Morelia,Atlante,1,2,regular
2014-02-28,Santos,Atlas,2,3,regular
2014-03-01,Veracruz,Tijuana,1,1,regular
2014-03-01,Cruz Azul,Toluca,1,0,regular
2014-03-01,Monterrey,América,1,2,regular
2014-03-01,Chiapas,León,0,3,regular
2014-03-02,Puebla,Querétaro,1,0,regular
2014-03-02,Pumas,Pachuca,0,0,regular
2014-03-02,Chivas,Tigres,0,0,regular
2014-03-07,Morelia,Pumas,3,1,regular
2014-03-07,León,Veracruz,0,1,regular
2014-03-07,Toluca,Puebla,3,0,regular
2014-03-07,Tijuana,Chivas,2,0,regular
2014-03-08,América,Santos,2,4,regular
2014-03-08,Tigres,Cruz Azul,3,0,regular
2014-03-08,Pachuca,Monterrey,2,0,regular
2014-03-08,Atlas,Chiapas,2,2,regular
2014-03-09,Atlante,Querétaro,4,2,regular
2014-03-14,Querétaro,Toluca,0,2,regular
2014-03-15,Veracruz,Atlas,0,1,regular
2014-03-15,Cruz Azul,Tijuana,2,1,regular
2014-03-15,Santos,Pachuca,3,1,regular
2014-03-15,Monterrey,Morelia,0,1,regular
2014-03-15,Chiapas,América,2,2,regular
2014-03-16,Puebla,Tigres,0,1,regular
2014-03-16,Pumas,Atlante,5,0,regular
2014-03-16,Chivas,León,1,0,regular
2014-03-21,Morelia,Santos,2,2,regular
2014-03-21,Tijuana,Puebla,3,1,regular
2014-03-22,América,Veracruz,0,0,regular
2014-03-22,Tigres,Querétaro,0,2,regular
2014-03-22,Pachuca,Chiapas,2,0,regular
2014-03-22,León,Cruz Azul,0,0,regular
2014-03-22,Atlas,Chivas,1,1,regular
2014-03-23,Pumas,Monterrey,1,2,regular
2014-03-23,Atlante,Toluca,2,1,regular
2014-03-28,Querétaro,Tijuana,2,1,regular
2014-03-28,Santos,Pumas,2,1,regular
2014-03-29,Veracruz,Pachuca,3,1,regular
2014-03-29,Cruz Azul,Atlas,1,3,regular
2014-03-29,Monterrey,Atlante,3,2,regular
2014-03-29,Toluca,Tigres,2,1,regular
2014-03-29,Chiapas,Morelia,1,0,regular
2014-03-30,Puebla,León,1,1,regular
2014-03-30,Chivas,América,0,4,regular
2014-04-04,Morelia,Veracruz,1,1,regular
2014-04-04,Tijuana,Toluca,3,1,regular
2014-04-05,América,Cruz Azul,1,2,regular
2014-04-05,Pachuca,Chivas,1,3,regular
2014-04-05,Monterrey,Santos,2,2,regular
2014-04-05,León,Querétaro,1,1,regular
2014-04-05,Atlas,Puebla,0,0,regular
2014-04-06,Pumas,Chiapas,2,1,regular
2014-04-06,Atlante,Tigres,0,2,regular
2014-04-11,Querétaro,Atlas,1,0,regular
2014-04-12,Veracruz,Pumas,1,1,regular
2014-04-12,Cruz Azul,Pachuca,2,2,regular
2014-04-12,Tigres,Tijuana,1,1,regular
2014-04-12,Chiapas,Monterrey,1,1,regular
2014-04-13,Toluca,León,2,1,regular
2014-04-13,Puebla,América,0,1,regular
2014-04-13,Chivas,Morelia,1,1,regular
2014-04-13,Santos,Atlante,4,3,regular
2014-04-18,Morelia,Cruz Azul,5,1,regular
2014-04-19,América,Querétaro,0,0,regular
2014-04-19,Santos,Chiapas,2,3,regular
2014-04-19,Pachuca,Puebla,1,2,regular
2014-04-19,Monterrey,Veracruz,4,1,regular
2014-04-19,León,Tigres,3,0,regular
2014-04-19,Atlas,Toluca,1,0,regular
2014-04-20,Pumas,Chivas,1,0,regular
2014-04-20,Atlante,Tijuana,1,2,regular
2014-04-25,Querétaro,Pachuca,3,4,regular
2014-04-25,Tijuana,León,1,2,regular
2014-04-26,Veracruz,Santos,2,2,regular
2014-04-26,Cruz Azul,Pumas,2,1,regular
2014-04-26,Tigres,Atlas,2,1,regular
2014-04-26,Chiapas,Atlante,5,2,regular
2014-04-27,Toluca,América,1,1,regular
2014-04-27,Puebla,Morelia,3,1,regular
2014-04-27,Chivas,Monterrey,0,1,regular
2014-04-30,América,Santos,5,3,liguilla
2014-04-30,León,Cruz Azul,1,1,liguilla
2014-05-01,Pachuca,Pumas,1,1,liguilla
2014-05-01,Tijuana,Toluca,0,0,liguilla
2014-05-03,Cruz Azul,León,2,2,liguilla
2014-05-03,Santos,América,3,1,liguilla
2014-05-04,Toluca,Tijuana,3,1,liguilla
2014-05-04,Pumas,Pachuca,2,4,liguilla
2014-05-07,Pachuca,Santos,2,0,liguilla
2014-05-08,León,Toluca,1,0,liguilla
2014-05-10,Santos,Pachuca,4,2,liguilla
2014-05-11,Toluca,León,0,1,liguilla
2014-05-15,León,Pachuca,2,3,liguilla
2014-05-18,Pachuca,León,0,2,liguilla
2014-07-18,Querétaro,Pumas,1,3,regular
2014-07-18,Tijuana,Puebla,0,1,regular
2014-07-19,Cruz Azul,Pachuca,0,1,regular
2014-07-19,Veracruz,Santos,0,1,regular
2014-07-19,Monterrey,Leones Negros,3,1,regular
2014-07-19,León,América,1,2,regular
2014-07-19,Atlas,Tigres,0,0,regular
2014-07-20,Toluca,Morelia,0,0,regular
2014-07-20,Chivas,Chiapas,1,1,regular
2014-07-25,Morelia,Atlas,0,2,regular
2014-07-25,Santos,Cruz Azul,1,1,regular
2014-07-26,Puebla,Veracruz,0,0,regular
2014-07-26,América,Tijuana,2,1,regular
2014-07-26,Tigres,León,4,2,regular
2014-07-26,Pachuca,Monterrey,0,1,regular
2014-07-26,Chiapas,Toluca,2,1,regular
2014-07-27,Pumas,Chivas,0,1,regular
2014-07-27,Leones Negros,Querétaro,0,1,regular
2014-08-01,Querétaro,Pachuca,2,0,regular
2014-08-01,Tijuana,Tigres,1,1,regular
2014-08-02,Cruz Azul,Veracruz,0,0,regular
2014-08-02,Puebla,América,0,4,regular
2014-08-02,Monterrey,Santos,0,0,regular
2014-08-02,León,Morelia,4,0,regular
2014-08-02,Atlas,Chiapas,4,2,regular
2014-08-03,Toluca,Pumas,2,1,regular
2014-08-08,Morelia,Tijuana,0,0,regular
2014-08-08,Veracruz,Monterrey,2,1,regular
2014-08-09,Cruz Azul,Puebla,1,0,regular
2014-08-09,Tigres,América,0,2,regular
2014-08-09,Santos,Querétaro,2,3,regular
2014-08-09,Pachuca,Chivas,3,0,regular
2014-08-09,Chiapas,León,3,2,regular
2014-08-10,Pumas,Atlas,0,1,regular
2014-08-10,Leones Negros,Toluca,0,0,regular
2014-08-14,León,Pumas,2,1,regular
2014-08-15,Querétaro,Veracruz,0,0,regular
2014-08-15,Tijuana,Chiapas,2,1,regular
2014-08-16,Puebla,Tigres,1,1,regular
2014-08-16,América,Morelia,3,2,regular
2014-08-16,Monterrey,Cruz Azul,3,1,regular
2014-08-16,Atlas,Leones Negros,1,0,regular
2014-08-17,Toluca,Pachuca,3,0,regular
2014-08-17,Chivas,Santos,0,1,regular
2014-08-22,Morelia,Tigres,1,5,regular
2014-08-22,Santos,Toluca,3,0,regular
2014-08-23,Cruz Azul,Querétaro,2,1,regular
2014-08-23,Veracruz,Chivas,0,0,regular
2014-08-23,Monterrey,Puebla,1,0,regular
2014-08-23,Pachuca,Atlas,3,1,regular
2014-08-23,Chiapas,América,0,0,regular
2014-08-24,Pumas,Tijuana,1,1,regular
2014-08-24,Leones Negros,León,1,0,regular
2014-08-29,Querétaro,Monterrey,0,1,regular
2014-08-29,Tijuana,Leones Negros,1,1,regular
2014-08-30,Puebla,Morelia,3,2,regular
2014-08-30,América,Pumas,0,1,regular
2014-08-30,Tigres,Chiapas,0,2,regular
2014-08-30,León,Pachuca,1,2,regular
2014-08-30,Atlas,Santos,1,1,regular
2014-08-31,Toluca,Veracruz,2,1,regular
2014-08-31,Chivas,Cruz Azul,0,0,regular
2014-09-07,Chivas,Leones Negros,3,0,regular
2014-09-12,Querétaro,Puebla,1,1,regular
2014-09-12,Veracruz,Atlas,1,1,regular
2014-09-12,Santos,León,2,0,regular
2014-09-13,Cruz Azul,Toluca,1,2,regular
2014-09-13,Pachuca,Tijuana,1,1,regular
2014-09-13,Leones Negros,América,0,0,regular
2014-09-13,Chiapas,Morelia,1,1,regular
2014-09-14,Pumas,Tigres,2,2,regular
2014-09-19,Morelia,Pumas,2,3,regular
2014-09-19,Tijuana,Santos,4,1,regular
2014-09-20,Puebla,Chiapas,1,1,regular
2014-09-20,América,Pachuca,2,1,regular
2014-09-20,Tigres,Leones Negros,1,0,regular
2014-09-20,León,Veracruz,3,1,regular
2014-09-20,Atlas,Cruz Azul,2,1,regular
2014-09-21,Toluca,Monterrey,1,0,regular
2014-09-21,Chivas,Querétaro,1,4,regular
2014-09-26,Veracruz,Tijuana,1,0,regular
2014-09-26,Querétaro,Toluca,1,1,regular
2014-09-26,Santos,América,1,4,regular
2014-09-27,Cruz Azul,León,1,0,regular
2014-09-27,Monterrey,Atlas,2,1,regular
2014-09-27,Pachuca,Tigres,2,3,regular
2014-09-27,Leones Negros,Morelia,1,2,regular
2014-09-28,Pumas,Chiapas,2,2,regular
2014-09-28,Chivas,Puebla,0,0,regular
2014-09-30,León,Monterrey,1,3,regular
2014-09-30,Atlas,Querétaro,2,1,regular
2014-09-30,Tigres,Santos,1,1,regular
2014-10-01,Puebla,Pumas,1,2,regular
2014-10-01,América,Veracruz,2,0,regular
2014-10-01,Morelia,Pachuca,0,1,regular
2014-10-01,Chiapas,Leones Negros,1,1,regular
2014-10-01,Tijuana,Cruz Azul,0,0,regular
2014-10-02,Toluca,Chivas,3,1,regular
2014-10-03,Querétaro,León,1,2,regular
2014-10-04,Cruz Azul,América,4,0,regular
2014-10-04,Veracruz,Tigres,0,1,regular
2014-10-04,Monterrey,Tijuana,1,1,regular
2014-10-04,Santos,Morelia,2,2,regular
2014-10-04,Pachuca,Chiapas,2,0,regular
2014-10-04,Leones Negros,Pumas,1,0,regular
2014-10-05,Toluca,Puebla,1,1,regular
2014-10-05,Chivas,Atlas,0,1,regular
2014-10-17,Morelia,Veracruz,0,1,regular
2014-10-17,Tijuana,Querétaro,2,1,regular
2014-10-18,Puebla,Leones Negros,1,1,regular
2014-10-18,América,Monterrey,2,0,regular
2014-10-18,Tigres,Cruz Azul,1,0,regular
2014-10-18,León,Chivas,2,1,regular
2014-10-18,Atlas,Toluca,0,2,regular
2014-10-18,Chiapas,Santos,2,0,regular
2014-10-19,Pumas,Pachuca,1,1,regular
2014-10-24,Querétaro,América,3,2,regular
2014-10-24,Santos,Pumas,1,1,regular
2014-10-25,Cruz Azul,Morelia,3,1,regular
2014-10-25,Veracruz,Chiapas,1,2,regular
2014-10-25,Monterrey,Tigres,2,2,regular
2014-10-25,Pachuca,Leones Negros,0,0,regular
2014-10-25,Atlas,Puebla,2,1,regular
2014-10-26,Toluca,León,2,3,regular
2014-10-26,Chivas,Tijuana,3,3,regular
2014-10-31,Morelia,Monterrey,2,1,regular
2014-10-31,Tijuana,Toluca,0,1,regular
2014-11-01,Puebla,Pachuca,1,1,regular
2014-11-01,América,Chivas,0,0,regular
2014-11-01,Tigres,Querétaro,1,0,regular
2014-11-01,León,Atlas,4,0,regular
2014-11-01,Leones Negros,Santos,1,1,regular
2014-11-01,Chiapas,Cruz Azul,0,0,regular
2014-11-02,Pumas,Veracruz,0,0,regular
2014-11-07,Querétaro,Morelia,2,0,regular
2014-11-07,Santos,Pachuca,2,1,regular
2014-11-08,Cruz Azul,Pumas,0,2,regular
2014-11-08,Veracruz,Leones Negros,0,1,regular
2014-11-08,Monterrey,Chiapas,1,2,regular
2014-11-08,León,Puebla,0,0,regular
2014-11-08,Atlas,Tijuana,1,1,regular
2014-11-09,Toluca,América,2,2,regular
2014-11-09,Chivas,Tigres,0,0,regular
2014-11-15,Monterrey,Chivas,1,0,regular
2014-11-21,Morelia,Chivas,1,2,regular
2014-11-21,Tijuana,León,3,2,regular
2014-11-22,Puebla,Santos,3,3,regular
2014-11-22,América,Atlas,1,2,regular
2014-11-22,Tigres,Toluca,2,1,regular
2014-11-22,Leones Negros,Cruz Azul,1,1,regular
2014-11-22,Pachuca,Veracruz,1,0,regular
2014-11-22,Chiapas,Querétaro,2,1,regular
2014-11-23,Pumas,Monterrey,4,2,regular
2014-11-26,Pachuca,Tigres,1,1,liguilla
2014-11-26,Pumas,América,1,0,liguilla
2014-11-27,Monterrey,Atlas,0,1,liguilla
2014-11-27,Chiapas,Toluca,1,1,liguilla
2014-11-29,América,Pumas,1,0,liguilla
2014-11-29,Tigres,Pachuca,1,1,liguilla
2014-11-30,Toluca,Chiapas,1,1,liguilla
2014-11-30,Atlas,Monterrey,0,2,liguilla
2014-12-04,Toluca,Tigres,0,0,liguilla
2014-12-04,Monterrey,América,0,3,liguilla
2014-12-07,Tigres,Toluca,0,0,liguilla
2014-12-07,América,Monterrey,0,0,liguilla
2014-12-11,Tigres,América,1,0,liguilla
2014-12-14,América,Tigres,3,0,liguilla
2015-01-09,Santos,Veracruz,1,2,regular
2015-01-09,Morelia,Toluca,0,0,regular
2015-01-10,América,León,3,2,regular
2015-01-10,Puebla,Tijuana,2,1,regular
2015-01-10,Tigres,Atlas,0,1,regular
2015-01-10,Pachuca,Cruz Azul,0,1,regular
2015-01-10,Chiapas,Chivas,2,1,regular
2015-01-11,Pumas,Querétaro,1,1,regular
2015-01-11,Leones Negros,Monterrey,1,0,regular
2015-01-16,Querétaro,Leones Negros,1,0,regular
2015-01-16,Veracruz,Puebla,3,1,regular
2015-01-16,Tijuana,América,1,0,regular
2015-01-17,Cruz Azul,Santos,1,0,regular
2015-01-17,Monterrey,Pachuca,1,0,regular
2015-01-17,León,Tigres,0,1,regular
2015-01-17,Atlas,Morelia,2,1,regular
2015-01-18,Toluca,Chiapas,3,0,regular
2015-01-18,Chivas,Pumas,2,1,regular
2015-01-23,Morelia,León,0,0,regular
2015-01-23,Veracruz,Cruz Azul,0,0,regular
2015-01-23,Santos,Monterrey,4,1,regular
2015-01-24,América,Puebla,0,0,regular
2015-01-24,Tigres,Tijuana,1,2,regular
2015-01-24,Pachuca,Querétaro,2,1,regular
2015-01-24,Chiapas,Atlas,3,1,regular
2015-01-25,Pumas,Toluca,3,2,regular
2015-01-25,Leones Negros,Chivas,1,1,regular
2015-01-30,Querétaro,Santos,0,1,regular
2015-01-30,Tijuana,Morelia,4,2,regular
2015-01-31,Puebla,Cruz Azul,0,0,regular
2015-01-31,América,Tigres,1,0,regular
2015-01-31,Monterrey,Veracruz,1,1,regular
2015-01-31,Chivas,Pachuca,1,0,regular
2015-01-31,León,Chiapas,1,1,regular
2015-01-31,Atlas,Pumas,1,1,regular
2015-02-01,Toluca,Leones Negros,3,1,regular
2015-02-06,Morelia,América,2,2,regular
2015-02-06,Veracruz,Querétaro,1,1,regular
2015-02-06,Santos,Chivas,1,0,regular
2015-02-07,Cruz Azul,Monterrey,1,0,regular
2015-02-07,Tigres,Puebla,1,0,regular
2015-02-07,Pachuca,Toluca,1,1,regular
2015-02-07,Chiapas,Tijuana,2,2,regular
2015-02-08,Pumas,León,1,3,regular
2015-02-08,Leones Negros,Atlas,0,2,regular
2015-02-13,Querétaro,Cruz Azul,1,2,regular
2015-02-13,Tijuana,Pumas,3,0,regular
2015-02-14,Puebla,Monterrey,2,0,regular
2015-02-14,América,Chiapas,5,0,regular
2015-02-14,Tigres,Morelia,1,0,regular
2015-02-14,León,Leones Negros,2,1,regular
2015-02-14,Atlas,Pachuca,1,3,regular
2015-02-15,Toluca,Santos,2,2,regular
2015-02-15,Chivas,Veracruz,0,0,regular
2015-02-20,Morelia,Puebla,1,2,regular
2015-02-20,Veracruz,Toluca,3,0,regular
2015-02-20,Santos,Atlas,0,1,regular
2015-02-21,Cruz Azul,Chivas,1,2,regular
2015-02-21,Monterrey,Querétaro,2,1,regular
2015-02-21,Pachuca,León,2,1,regular
2015-02-21,Chiapas,Tigres,1,0,regular
2015-02-22,Pumas,América,0,1,regular
2015-02-22,Leones Negros,Tijuana,0,1,regular
2015-02-27,Morelia,Chiapas,3,2,regular
2015-02-27,Tijuana,Pachuca,3,2,regular
2015-02-28,Puebla,Querétaro,4,1,regular
2015-02-28,América,Leones Negros,0,1,regular
2015-02-28,Tigres,Pumas,3,0,regular
2015-02-28,León,Santos,2,1,regular
2015-02-28,Atlas,Veracruz,0,3,regular
2015-03-01,Toluca,Cruz Azul,1,0,regular
2015-03-01,Chivas,Monterrey,3,0,regular
2015-03-06,Veracruz,León,1,0,regular
2015-03-06,Querétaro,Chivas,1,0,regular
2015-03-07,Cruz Azul,Atlas,1,1,regular
2015-03-07,Santos,Tijuana,1,1,regular
2015-03-07,Monterrey,Toluca,3,2,regular
2015-03-07,Pachuca,América,0,0,regular
2015-03-07,Chiapas,Puebla,2,2,regular
2015-03-08,Pumas,Morelia,2,1,regular
2015-03-08,Leones Negros,Tigres,2,1,regular
2015-03-13,Morelia,Leones Negros,0,1,regular
2015-03-13,Tijuana,Veracruz,3,1,regular
2015-03-14,Puebla,Chivas,1,2,regular
2015-03-14,América,Santos,1,0,regular
2015-03-14,Tigres,Pachuca,2,1,regular
2015-03-14,León,Cruz Azul,2,2,regular
2015-03-14,Atlas,Monterrey,2,1,regular
2015-03-14,Chiapas,Pumas,0,2,regular
2015-03-15,Toluca,Querétaro,1,0,regular
2015-03-20,Querétaro,Atlas,2,0,regular
2015-03-20,Veracruz,América,4,0,regular
2015-03-20,Santos,Tigres,2,2,regular
2015-03-21,Cruz Azul,Tijuana,2,1,regular
2015-03-21,Monterrey,León,5,1,regular
2015-03-21,Pachuca,Morelia,2,0,regular
2015-03-21,Leones Negros,Chiapas,0,1,regular
2015-03-22,Pumas,Puebla,2,1,regular
2015-03-22,Chivas,Toluca,1,0,regular
2015-04-03,Morelia,Santos,0,1,regular
2015-04-04,Puebla,Toluca,0,1,regular
2015-04-04,América,Cruz Azul,1,0,regular
2015-04-04,Tigres,Veracruz,3,1,regular
2015-04-04,Chiapas,Pachuca,2,2,regular
2015-04-04,León,Querétaro,4,5,regular
2015-04-04,Tijuana,Monterrey,3,4,regular
2015-04-04,Atlas,Chivas,1,1,regular
2015-04-05,Pumas,Leones Negros,2,0,regular
2015-04-10,Querétaro,Tijuana,2,1,regular
2015-04-10,Veracruz,Morelia,1,1,regular
2015-04-10,Santos,Chiapas,4,3,regular
2015-04-11,Cruz Azul,Tigres,2,0,regular
2015-04-11,Monterrey,América,1,1,regular
2015-04-11,Pachuca,Pumas,3,1,regular
2015-04-11,Leones Negros,Puebla,1,1,regular
2015-04-12,Toluca,Atlas,0,0,regular
2015-04-12,Chivas,León,1,0,regular
2015-04-17,Morelia,Cruz Azul,2,0,regular
2015-04-17,Chiapas,Veracruz,1,1,regular
2015-04-17,Tijuana,Chivas,1,1,regular
2015-04-18,Puebla,Atlas,0,1,regular
2015-04-18,América,Querétaro,0,4,regular
2015-04-18,Tigres,Monterrey,3,0,regular
2015-04-18,León,Toluca,1,1,regular
2015-04-19,Pumas,Santos,1,0,regular
2015-04-19,Leones Negros,Pachuca,1,1,regular
2015-04-24,Querétaro,Tigres,1,3,regular
2015-04-24,Veracruz,Pumas,3,3,regular
2015-04-24,Santos,Leones Negros,1,0,regular
2015-04-25,Cruz Azul,Chiapas,0,1,regular
2015-04-25,Monterrey,Morelia,1,0,regular
2015-04-25,Pachuca,Puebla,2,1,regular
2015-04-25,Atlas,León,3,2,regular
2015-04-26,Toluca,Tijuana,2,0,regular
2015-04-26,Chivas,América,1,1,regular
2015-05-01,Morelia,Querétaro,1,2,regular
2015-05-01,Tijuana,Atlas,1,2,regular
2015-05-02,Puebla,León,2,0,regular
2015-05-02,América,Toluca,3,1,regular
2015-05-02,Tigres,Chivas,2,1,regular
2015-05-02,Pachuca,Santos,2,3,regular
2015-05-02,Chiapas,Monterrey,0,2,regular
2015-05-03,Pumas,Cruz Azul,0,1,regular
2015-05-03,Leones Negros,Veracruz,1,2,regular
2015-05-08,Querétaro,Chiapas,1,0,regular
2015-05-08,Veracruz,Pachuca,1,2,regular
2015-05-09,Monterrey,Pumas,2,2,regular
2015-05-09,León,Tijuana,6,2,regular
2015-05-09,Santos,Puebla,2,2,regular
2015-05-09,Cruz Azul,Leones Negros,0,2,regular
2015-05-09,Atlas,América,1,2,regular
2015-05-10,Toluca,Tigres,0,0,regular
2015-05-10,Chivas,Morelia,2,3,regular
2015-05-13,Santos,Tigres,1,1,liguilla
2015-05-13,Pachuca,América,3,2,liguilla
2015-05-14,Querétaro,Veracruz,2,1,liguilla
2015-05-14,Chivas,Atlas,0,0,liguilla
2015-05-16,América,Pachuca,3,4,liguilla
2015-05-16,Tigres,Santos,0,1,liguilla
2015-05-17,Atlas,Chivas,1,4,liguilla
2015-05-17,Veracruz,Querétaro,2,2,liguilla
2015-05-21,Pachuca,Querétaro,2,0,liguilla
2015-05-21,Santos,Chivas,0,0,liguilla
2015-05-24,Chivas,Santos,0,3,liguilla
2015-05-24,Querétaro,Pachuca,2,0,liguilla
2015-05-28,Santos,Querétaro,5,0,liguilla
2015-05-31,Querétaro,Santos,3,0,liguilla
2015-07-24,Veracruz,Chivas,2,0,regular
2015-07-25,Cruz Azul,Morelia,0,3,regular
2015-07-25,Tigres,Toluca,0,1,regular
2015-07-25,Pachuca,Tijuana,2,1,regular
2015-07-25,Atlas,Querétaro,0,2,regular
2015-07-25,Santos,León,1,3,regular
2015-07-25,Dorados,Chiapas,0,0,regular
2015-07-26,Pumas,Monterrey,3,0,regular
2015-07-26,Puebla,América,4,2,regular
2015-07-31,Querétaro,Pachuca,1,2,regular
2015-07-31,Tijuana,Dorados,1,2,regular
2015-08-01,América,Atlas,1,3,regular
2015-08-01,León,Veracruz,4,1,regular
2015-08-01,Morelia,Tigres,1,0,regular
2015-08-01,Chiapas,Santos,2,1,regular
2015-08-02,Toluca,Pumas,2,1,regular
2015-08-02,Chivas,Cruz Azul,0,1,regular
2015-08-07,Veracruz,Chiapas,2,1,regular
2015-08-07,Santos,Tijuana,0,1,regular
2015-08-08,Cruz Azul,León,2,0,regular
2015-08-08,Pachuca,América,0,3,regular
2015-08-08,Atlas,Monterrey,0,3,regular
2015-08-08,Dorados,Querétaro,1,1,regular
2015-08-09,Toluca,Morelia,0,1,regular
2015-08-09,Puebla,Pumas,3,2,regular
2015-08-09,Tigres,Chivas,2,2,regular
2015-08-11,América,Dorados,4,0,regular
2015-08-11,Querétaro,Santos,1,2,regular
2015-08-11,Monterrey,Pachuca,4,3,regular
2015-08-11,Tijuana,Veracruz,1,3,regular
2015-08-12,Puebla,Toluca,1,0,regular
2015-08-12,León,Tigres,2,1,regular
2015-08-12,Chivas,Morelia,2,0,regular
2015-08-12,Chiapas,Cruz Azul,2,1,regular
2015-08-12,Pumas,Atlas,5,0,regular
2015-08-14,Veracruz,Querétaro,2,2,regular
2015-08-14,Santos,América,0,2,regular
2015-08-15,Cruz Azul,Tijuana,1,3,regular
2015-08-15,Morelia,León,3,4,regular
2015-08-15,Tigres,Chiapas,4,1,regular
2015-08-15,Pachuca,Pumas,1,2,regular
2015-08-15,Atlas,Puebla,2,1,regular
2015-08-15,Dorados,Monterrey,1,4,regular
2015-08-16,Toluca,Chivas,3,1,regular
2015-08-21,Querétaro,Cruz Azul,4,2,regular
2015-08-21,Tijuana,Tigres,1,2,regular
2015-08-22,América,Veracruz,3,1,regular
2015-08-22,Monterrey,Santos,1,1,regular
2015-08-22,León,Chivas,1,0,regular
2015-08-22,Atlas,Toluca,1,2,regular
2015-08-22,Chiapas,Morelia,3,1,regular
2015-08-23,Pumas,Dorados,2,0,regular
2015-08-23,Puebla,Pachuca,3,2,regular
2015-08-28,Veracruz,Monterrey,2,1,regular
2015-08-28,Santos,Pumas,3,4,regular
2015-08-29,Cruz Azul,América,0,2,regular
2015-08-29,Tigres,Querétaro,5,1,regular
2015-08-29,Pachuca,Atlas,1,1,regular
2015-08-29,Morelia,Tijuana,1,2,regular
2015-08-29,Dorados,Puebla,1,0,regular
2015-08-30,Toluca,León,1,3,regular
2015-08-30,Chivas,Chiapas,4,1,regular
2015-09-11,Querétaro,Morelia,0,1,regular
2015-09-11,Tijuana,Chivas,2,1,regular
2015-09-12,América,Tigres,0,1,regular
2015-09-12,Monterrey,Cruz Azul,1,1,regular
2015-09-12,Pachuca,Toluca,3,4,regular
2015-09-12,Atlas,Dorados,3,2,regular
2015-09-12,Chiapas,León,6,2,regular
2015-09-13,Pumas,Veracruz,3,0,regular
2015-09-13,Puebla,Santos,0,1,regular
2015-09-18,Veracruz,Puebla,2,1,regular
2015-09-18,Santos,Atlas,0,2,regular
2015-09-19,Cruz Azul,Pumas,2,1,regular
2015-09-19,Tigres,Monterrey,3,1,regular
2015-09-19,León,Tijuana,2,1,regular
2015-09-19,Morelia,América,0,3,regular
2015-09-19,Dorados,Pachuca,1,2,regular
2015-09-20,Toluca,Chiapas,1,1,regular
2015-09-20,Chivas,Querétaro,2,1,regular
2015-09-25,Querétaro,León,3,0,regular
2015-09-25,Tijuana,Chiapas,1,1,regular
2015-09-26,América,Chivas,1,2,regular
2015-09-26,Monterrey,Morelia,2,2,regular
2015-09-26,Pachuca,Santos,0,0,regular
2015-09-26,Atlas,Veracruz,0,1,regular
2015-09-26,Dorados,Toluca,1,2,regular
2015-09-27,Pumas,Tigres,1,0,regular
2015-09-27,Puebla,Cruz Azul,2,1,regular
2015-09-29,Toluca,Tijuana,4,1,regular
2015-09-29,León,América,3,0,regular
2015-09-29,Chivas,Monterrey,2,1,regular
2015-09-29,Chiapas,Querétaro,0,0,regular
2015-09-29,Santos,Dorados,1,1,regular
2015-09-29,Veracruz,Pachuca,0,1,regular
2015-09-30,Morelia,Pumas,2,2,regular
2015-09-30,Cruz Azul,Atlas,1,1,regular
2015-09-30,Tigres,Puebla,0,1,regular
2015-10-02,Querétaro,Tijuana,2,1,regular
2015-10-03,América,Chiapas,2,1,regular
2015-10-03,Santos,Toluca,0,0,regular
2015-10-03,Monterrey,León,4,0,regular
2015-10-03,Atlas,Tigres,0,1,regular
2015-10-04,Pumas,Chivas,1,0,regular
2015-10-04,Puebla,Morelia,1,3,regular
2015-10-09,Monterrey,Puebla,1,1,regular
2015-10-16,Veracruz,Santos,0,3,regular
2015-10-16,Tijuana,América,0,2,regular
2015-10-17,Cruz Azul,Dorados,1,1,regular
2015-10-17,Tigres,Pachuca,2,1,regular
2015-10-17,León,Pumas,1,3,regular
2015-10-17,Morelia,Atlas,0,1,regular
2015-10-17,Chiapas,Monterrey,2,2,regular
2015-10-18,Toluca,Querétaro,4,2,regular
2015-10-18,Chivas,Puebla,1,1,regular
2015-10-23,Veracruz,Toluca,3,2,regular
2015-10-23,Santos,Cruz Azul,1,2,regular
2015-10-24,América,Querétaro,0,1,regular
2015-10-24,Monterrey,Tijuana,3,1,regular
2015-10-24,Pachuca,Morelia,2,0,regular
2015-10-24,Dorados,Tigres,0,0,regular
2015-10-25,Pumas,Chiapas,2,3,regular
2015-10-25,Puebla,León,1,0,regular
2015-10-30,Querétaro,Monterrey,3,1,regular
2015-10-30,Tijuana,Pumas,1,2,regular
2015-10-31,Cruz Azul,Veracruz,1,1,regular
2015-10-31,Tigres,Santos,2,2,regular
2015-10-31,León,Atlas,2,1,regular
2015-10-31,Morelia,Dorados,4,0,regular
2015-10-31,Chiapas,Puebla,1,0,regular
2015-11-01,Toluca,América,2,3,regular
2015-11-01,Chivas,Pachuca,4,4,regular
2015-11-06,Veracruz,Tigres,1,3,regular
2015-11-06,Santos,Morelia,2,3,regular
2015-11-07,Cruz Azul,Toluca,1,2,regular
2015-11-07,Monterrey,América,2,1,regular
2015-11-07,Pachuca,León,3,2,regular
2015-11-07,Atlas,Chiapas,2,3,regular
2015-11-07,Dorados,Chivas,2,1,regular
2015-11-08,Pumas,Querétaro,2,1,regular
2015-11-08,Puebla,Tijuana,2,1,regular
2015-11-10,Dorados,Veracruz,0,0,regular
2015-11-11,Atlas,Chivas,0,1,regular
2015-11-14,Pachuca,Cruz Azul,1,2,regular
2015-11-20,Querétaro,Puebla,0,0,regular
2015-11-20,Tijuana,Atlas,2,0,regular
2015-11-21,América,Pumas,1,1,regular
2015-11-21,Tigres,Cruz Azul,0,0,regular
2015-11-21,León,Dorados,3,0,regular
2015-11-21,Morelia,Veracruz,1,2,regular
2015-11-21,Chiapas,Pachuca,3,2,regular
2015-11-22,Toluca,Monterrey,3,1,regular
2015-11-22,Chivas,Santos,0,3,regular
2015-11-25,América,León,4,1,liguilla
2015-11-25,Tigres,Chiapas,2,1,liguilla
2015-11-28,Chiapas,Tigres,0,1,liguilla
2015-11-28,León,América,2,1,liguilla
2015-11-29,Veracruz,Pumas,0,1,liguilla
2015-11-29,Puebla,Toluca,0,1,liguilla
2015-11-29,Pumas,Veracruz,1,0,liguilla
2015-11-29,Toluca,Puebla,1,0,liguilla
2015-12-03,América,Pumas,0,3,liguilla
2015-12-03,Tigres,Toluca,0,0,liguilla
2015-12-06,Pumas,América,1,3,liguilla
2015-12-06,Toluca,Tigres,0,2,liguilla
2015-12-10,Tigres,Pumas,3,0,liguilla
2015-12-13,Pumas,Tigres,4,1,liguilla
2016-01-08,Querétaro,Atlas,1,3,regular
2016-01-08,Tijuana,Pachuca,1,1,regular
2016-01-09,América,Puebla,0,0,regular
2016-01-09,Monterrey,Pumas,1,0,regular
2016-01-09,León,Santos,2,0,regular
2016-01-09,Morelia,Cruz Azul,2,2,regular
2016-01-09,Chiapas,Dorados,1,0,regular
2016-01-10,Toluca,Tigres,1,0,regular
2016-01-10,Chivas,Veracruz,2,2,regular
2016-01-15,Veracruz,León,1,3,regular
2016-01-15,Santos,Chiapas,1,0,regular
2016-01-16,Cruz Azul,Chivas,1,1,regular
2016-01-16,Tigres,Morelia,2,0,regular
2016-01-16,Pachuca,Querétaro,1,0,regular
2016-01-16,Atlas,América,0,3,regular
2016-01-16,Dorados,Tijuana,0,1,regular
2016-01-17,Pumas,Toluca,3,2,regular
2016-01-17,Puebla,Monterrey,1,3,regular
2016-01-22,Querétaro,Dorados,3,0,regular
2016-01-22,Tijuana,Santos,1,3,regular
2016-01-23,América,Pachuca,1,4,regular
2016-01-23,Monterrey,Atlas,1,0,regular
2016-01-23,León,Cruz Azul,3,2,regular
2016-01-23,Morelia,Toluca,1,1,regular
2016-01-23,Chiapas,Veracruz,1,1,regular
2016-01-24,Pumas,Puebla,0,1,regular
2016-01-24,Chivas,Tigres,2,2,regular
2016-01-29,Veracruz,Tijuana,2,2,regular
2016-01-29,Santos,Querétaro,2,0,regular
2016-01-30,Cruz Azul,Chiapas,2,1,regular
2016-01-30,Morelia,Chivas,2,0,regular
2016-01-30,Tigres,León,3,1,regular
2016-01-30,Pachuca,Monterrey,3,1,regular
2016-01-30,Atlas,Pumas,1,1,regular
2016-01-30,Dorados,América,0,3,regular
2016-01-31,Toluca,Puebla,1,1,regular
2016-02-05,Querétaro,Veracruz,2,1,regular
2016-02-05,Chiapas,Tigres,1,3,regular
2016-02-05,Tijuana,Cruz Azul,1,1,regular
2016-02-06,América,Santos,2,0,regular
2016-02-06,Monterrey,Dorados,3,0,regular
2016-02-06,Puebla,Atlas,4,1,regular
2016-02-06,León,Morelia,1,2,regular
2016-02-06,Chivas,Toluca,1,1,regular
2016-02-07,Pumas,Pachuca,1,1,regular
2016-02-12,Veracruz,América,1,1,regular
2016-02-12,Toluca,Atlas,1,1,regular
2016-02-12,Santos,Monterrey,1,2,regular
2016-02-13,Cruz Azul,Querétaro,2,1,regular
2016-02-13,Tigres,Tijuana,1,2,regular
2016-02-13,Dorados,Pumas,2,3,regular
2016-02-14,Chivas,León,0,1,regular
2016-02-14,Pachuca,Puebla,5,2,regular
2016-02-19,Querétaro,Tigres,2,2,regular
2016-02-19,Tijuana,Morelia,1,1,regular
2016-02-20,América,Cruz Azul,3,3,regular
2016-02-20,Monterrey,Veracruz,5,1,regular
2016-02-20,León,Toluca,5,1,regular
2016-02-20,Atlas,Pachuca,1,0,regular
2016-02-20,Chiapas,Chivas,1,1,regular
2016-02-21,Pumas,Santos,1,1,regular
2016-02-21,Puebla,Dorados,3,2,regular
2016-02-26,Veracruz,Pumas,0,0,regular
2016-02-27,Cruz Azul,Monterrey,4,0,regular
2016-02-27,Santos,Puebla,1,1,regular
2016-02-27,Tigres,América,4,1,regular
2016-02-27,León,Chiapas,1,3,regular
2016-02-27,Morelia,Querétaro,1,1,regular
2016-02-27,Toluca,Pachuca,0,1,regular
2016-02-27,Dorados,Atlas,2,1,regular
2016-02-28,Chivas,Tijuana,1,1,regular
2016-03-04,Tijuana,León,0,0,regular
2016-03-05,América,Morelia,4,1,regular
2016-03-05,Querétaro,Chivas,0,2,regular
2016-03-05,Monterrey,Tigres,1,0,regular
2016-03-05,Pachuca,Dorados,2,2,regular
2016-03-05,Atlas,Santos,1,2,regular
2016-03-05,Chiapas,Toluca,3,2,regular
2016-03-06,Pumas,Cruz Azul,2,2,regular
2016-03-06,Puebla,Veracruz,1,1,regular
2016-03-11,Veracruz,Atlas,3,2,regular
2016-03-11,Santos,Pachuca,3,2,regular
2016-03-12,Cruz Azul,Puebla,1,1,regular
2016-03-12,Tigres,Pumas,0,0,regular
2016-03-12,León,Querétaro,2,0,regular
2016-03-12,Morelia,Monterrey,1,3,regular
2016-03-12,Chiapas,Tijuana,1,2,regular
2016-03-13,Toluca,Dorados,3,0,regular
2016-03-13,Chivas,América,1,2,regular
2016-03-18,Querétaro,Chiapas,1,1,regular
2016-03-18,Tijuana,Toluca,0,0,regular
2016-03-19,América,León,2,1,regular
2016-03-19,Monterrey,Chivas,1,3,regular
2016-03-19,Pachuca,Veracruz,6,0,regular
2016-03-19,Atlas,Cruz Azul,0,2,regular
2016-03-19,Dorados,Santos,3,1,regular
2016-03-20,Puebla,Tigres,0,0,regular
2016-03-20,Pumas,Morelia,4,2,regular
2016-03-26,Morelia,Chiapas,2,0,regular
2016-04-01,Toluca,Santos,0,0,regular
2016-04-01,Veracruz,Dorados,0,0,regular
2016-04-01,Tijuana,Querétaro,2,4,regular
2016-04-02,Cruz Azul,Pachuca,0,0,regular
2016-04-02,Tigres,Atlas,2,2,regular
2016-04-02,León,Monterrey,1,2,regular
2016-04-02,Morelia,Puebla,2,0,regular
2016-04-02,Chiapas,América,0,2,regular
2016-04-03,Chivas,Pumas,4,0,regular
2016-04-08,Querétaro,Toluca,0,0,regular
2016-04-08,Santos,Veracruz,2,0,regular
2016-04-09,América,Tijuana,6,1,regular
2016-04-09,Monterrey,Chiapas,6,0,regular
2016-04-09,Pachuca,Tigres,2,1,regular
2016-04-09,Atlas,Morelia,1,2,regular
2016-04-09,Dorados,Cruz Azul,3,0,regular
2016-04-10,Puebla,Chivas,0,3,regular
2016-04-10,Pumas,León,1,2,regular
2016-04-15,Querétaro,América,1,0,regular
2016-04-15,Tijuana,Monterrey,1,2,regular
2016-04-16,Toluca,Veracruz,4,2,regular
2016-04-16,Cruz Azul,Santos,0,1,regular
2016-04-16,Tigres,Dorados,5,2,regular
2016-04-16,León,Puebla,4,1,regular
2016-04-16,Morelia,Pachuca,1,0,regular
2016-04-16,Chiapas,Pumas,1,2,regular
2016-04-17,Chivas,Atlas,1,0,regular
2016-04-22,Pumas,Tijuana,3,1,regular
2016-04-22,Veracruz,Cruz Azul,2,1,regular
2016-04-23,América,Toluca,0,1,regular
2016-04-23,Monterrey,Querétaro,3,2,regular
2016-04-23,Santos,Tigres,2,1,regular
2016-04-23,Pachuca,Chivas,1,1,regular
2016-04-23,Atlas,León,1,1,regular
2016-04-23,Dorados,Morelia,1,0,regular
2016-04-24,Puebla,Chiapas,2,1,regular
2016-04-29,Querétaro,Pumas,2,1,regular
2016-04-29,Tijuana,Puebla,0,0,regular
2016-04-30,América,Monterrey,3,3,regular
2016-04-30,Tigres,Veracruz,0,0,regular
2016-04-30,León,Pachuca,0,0,regular
2016-04-30,Morelia,Santos,3,2,regular
2016-04-30,Chiapas,Atlas,0,3,regular
2016-05-01,Toluca,Cruz Azul,0,2,regular
2016-05-01,Chivas,Dorados,2,1,regular
2016-05-06,Veracruz,Morelia,1,2,regular
2016-05-06,Santos,Chivas,0,1,regular
2016-05-07,Cruz Azul,Tigres,0,3,regular
2016-05-07,Monterrey,Toluca,1,2,regular
2016-05-07,Pachuca,Chiapas,2,1,regular
2016-05-07,Atlas,Tijuana,0,0,regular
2016-05-07,Dorados,León,0,1,regular
2016-05-08,Pumas,América,1,1,regular
2016-05-08,Puebla,Querétaro,3,1,regular
2016-05-11,Tigres,Monterrey,1,3,liguilla
2016-05-11,Morelia,León,1,1,liguilla
2016-05-12,Santos,Pachuca,1,1,liguilla
2016-05-12,Chivas,América,0,0,liguilla
2016-05-14,Monterrey,Tigres,1,2,liguilla
2016-05-14,León,Morelia,4,1,liguilla
2016-05-15,América,Chivas,2,1,liguilla
2016-05-15,Pachuca,Santos,3,2,liguilla
2016-05-18,América,Monterrey,1,0,liguilla
2016-05-19,León,Pachuca,1,1,liguilla
2016-05-21,Monterrey,América,4,2,liguilla
2016-05-22,Pachuca,León,2,1,liguilla
2016-05-26,Pachuca,Monterrey,1,0,liguilla
2016-05-29,Monterrey,Pachuca,1,1,liguilla
2016-07-15,Tijuana,Morelia,2,0,regular
2016-07-16,Querétaro,Veracruz,2,0,regular
2016-07-16,Monterrey,Puebla,1,1,regular
2016-07-16,Atlas,Toluca,1,1,regular
2016-07-16,Pachuca,León,5,1,regular
2016-07-16,Necaxa,Cruz Azul,0,0,regular
2016-07-16,América,Chiapas,2,0,regular
2016-07-17,Pumas,Chivas,1,0,regular
2016-07-17,Santos,Tigres,0,0,regular
2016-07-22,Veracruz,Santos,2,0,regular
2016-07-23,Chiapas,Pachuca,0,2,regular
2016-07-23,Cruz Azul,Pumas,0,0,regular
2016-07-23,Tigres,Atlas,0,0,regular
2016-07-23,Morelia,Querétaro,2,2,regular
2016-07-23,León,Necaxa,0,0,regular
2016-07-23,Chivas,Monterrey,1,0,regular
2016-07-23,América,Toluca,3,1,regular
2016-07-24,Puebla,Tijuana,3,2,regular
2016-07-29,Tijuana,Chivas,4,0,regular
2016-07-30,Querétaro,Puebla,2,1,regular
2016-07-30,Monterrey,Cruz Azul,1,1,regular
2016-07-30,Atlas,Veracruz,1,0,regular
2016-07-30,Pachuca,Necaxa,1,0,regular
2016-07-30,América,Tigres,0,3,regular
2016-07-31,Pumas,León,1,0,regular
2016-07-31,Chiapas,Toluca,1,0,regular
2016-07-31,Santos,Morelia,2,4,regular
2016-08-06,Cruz Azul,Tijuana,1,2,regular
2016-08-06,Morelia,Atlas,3,2,regular
2016-08-06,Tigres,Chiapas,1,0,regular
2016-08-06,León,Monterrey,0,3,regular
2016-08-06,Veracruz,América,2,4,regular
2016-08-06,Necaxa,Pumas,2,2,regular
2016-08-06,Chivas,Querétaro,0,0,regular
2016-08-07,Toluca,Pachuca,2,0,regular
2016-08-07,Puebla,Santos,0,0,regular
2016-08-12,Tijuana,León,2,0,regular
2016-08-13,Querétaro,Cruz Azul,0,0,regular
2016-08-13,Monterrey,Necaxa,2,1,regular
2016-08-13,Atlas,Puebla,3,2,regular
2016-08-13,Pachuca,Pumas,3,0,regular
2016-08-13,América,Morelia,1,1,regular
2016-08-14,Toluca,Tigres,0,0,regular
2016-08-14,Chiapas,Veracruz,1,1,regular
2016-08-14,Santos,Chivas,0,1,regular
2016-08-19,Veracruz,Toluca,2,2,regular
2016-08-20,Cruz Azul,Santos,3,1,regular
2016-08-20,Tigres,Pachuca,4,2,regular
2016-08-20,Morelia,Chiapas,3,2,regular
2016-08-20,León,Querétaro,2,1,regular
2016-08-20,Necaxa,Tijuana,1,1,regular
2016-08-20,Chivas,Atlas,2,2,regular
2016-08-21,Pumas,Monterrey,5,3,regular
2016-08-21,Puebla,América,2,2,regular
2016-08-26,Tijuana,Pumas,1,0,regular
2016-08-27,Querétaro,Necaxa,1,2,regular
2016-08-27,Atlas,Cruz Azul,1,1,regular
2016-08-27,Tigres,Veracruz,1,1,regular
2016-08-27,Pachuca,Monterrey,1,1,regular
2016-08-27,América,Chivas,0,3,regular
2016-08-28,Toluca,Morelia,2,2,regular
2016-08-28,Chiapas,Puebla,0,3,regular
2016-08-28,Santos,León,1,0,regular
2016-09-09,Veracruz,Pachuca,1,0,regular
2016-09-10,Cruz Azul,América,3,4,regular
2016-09-10,Morelia,Tigres,0,2,regular
2016-09-10,Monterrey,Tijuana,0,0,regular
2016-09-10,León,Atlas,4,1,regular
2016-09-10,Necaxa,Santos,2,1,regular
2016-09-10,Chivas,Chiapas,2,0,regular
2016-09-11,Pumas,Querétaro,4,1,regular
2016-09-11,Puebla,Toluca,0,2,regular
2016-09-16,Veracruz,Morelia,1,3,regular
2016-09-17,Toluca,Chivas,2,1,regular
2016-09-17,Querétaro,Monterrey,1,0,regular
2016-09-17,Tigres,Puebla,2,1,regular
2016-09-17,Atlas,Necaxa,0,0,regular
2016-09-17,Chiapas,Cruz Azul,0,3,regular
2016-09-17,Pachuca,Tijuana,2,2,regular
2016-09-17,América,León,0,2,regular
2016-09-18,Santos,Pumas,3,1,regular
2016-09-20,Morelia,Pachuca,1,5,regular
2016-09-20,Cruz Azul,Toluca,0,1,regular
2016-09-20,Chivas,Tigres,0,1,regular
2016-09-20,Puebla,Veracruz,3,2,regular
2016-09-20,Necaxa,América,1,1,regular
2016-09-21,León,Chiapas,0,0,regular
2016-09-21,Pumas,Atlas,2,0,regular
2016-09-21,Monterrey,Santos,5,2,regular
2016-09-21,Tijuana,Querétaro,2,1,regular
2016-09-23,Veracruz,Chivas,0,1,regular
2016-09-24,Chiapas,Necaxa,2,2,regular
2016-09-24,Tigres,Cruz Azul,0,0,regular
2016-09-24,Morelia,Puebla,2,3,regular
2016-09-24,Atlas,Monterrey,3,1,regular
2016-09-24,Pachuca,Querétaro,2,0,regular
2016-09-24,América,Pumas,2,1,regular
2016-09-25,Toluca,León,1,1,regular
2016-09-25,Santos,Tijuana,1,2,regular
2016-09-30,Tijuana,Atlas,1,0,regular
2016-10-01,Querétaro,Santos,1,1,regular
2016-10-01,Cruz Azul,Veracruz,5,3,regular
2016-10-01,Monterrey,América,1,1,regular
2016-10-01,León,Tigres,3,2,regular
2016-10-01,Necaxa,Toluca,3,1,regular
2016-10-01,Chivas,Morelia,2,1,regular
2016-10-02,Pumas,Chiapas,1,0,regular
2016-10-02,Puebla,Pachuca,1,1,regular
2016-10-14,Veracruz,León,2,3,regular
2016-10-15,Chiapas,Monterrey,1,4,regular
2016-10-15,Tigres,Necaxa,0,2,regular
2016-10-15,Atlas,Querétaro,2,1,regular
2016-10-15,Morelia,Cruz Azul,1,1,regular
2016-10-15,Pachuca,Santos,3,0,regular
2016-10-15,América,Tijuana,1,0,regular
2016-10-16,Toluca,Pumas,2,1,regular
2016-10-16,Puebla,Chivas,0,2,regular
2016-10-21,Tijuana,Chiapas,2,0,regular
2016-10-22,Cruz Azul,Puebla,1,2,regular
2016-10-22,Querétaro,América,1,1,regular
2016-10-22,Monterrey,Toluca,1,1,regular
2016-10-22,León,Morelia,3,1,regular
2016-10-22,Necaxa,Veracruz,3,2,regular
2016-10-23,Pumas,Tigres,1,3,regular
2016-10-23,Santos,Atlas,2,2,regular
2016-10-23,Chivas,Pachuca,1,2,regular
2016-10-28,Veracruz,Pumas,1,4,regular
2016-10-29,Chiapas,Querétaro,1,2,regular
2016-10-29,Tigres,Monterrey,1,1,regular
2016-10-29,Morelia,Necaxa,2,1,regular
2016-10-29,Pachuca,Atlas,3,2,regular
2016-10-29,América,Santos,3,1,regular
2016-10-29,Chivas,Cruz Azul,3,2,regular
2016-10-30,Toluca,Tijuana,0,1,regular
2016-10-30,Puebla,León,2,2,regular
2016-11-04,Tijuana,Tigres,0,1,regular
2016-11-05,Cruz Azul,Pachuca,2,1,regular
2016-11-05,Querétaro,Toluca,2,3,regular
2016-11-05,Monterrey,Veracruz,4,0,regular
2016-11-05,Atlas,América,1,1,regular
2016-11-05,León,Chivas,1,1,regular
2016-11-05,Necaxa,Puebla,3,1,regular
2016-11-06,Pumas,Morelia,1,1,regular
2016-11-06,Santos,Chiapas,2,0,regular
2016-11-18,Veracruz,Tijuana,2,1,regular
2016-11-19,Chiapas,Atlas,1,0,regular
2016-11-19,Cruz Azul,León,2,3,regular
2016-11-19,Tigres,Querétaro,1,2,regular
2016-11-19,Morelia,Monterrey,1,2,regular
2016-11-19,Pachuca,América,3,3,regular
2016-11-19,Chivas,Necaxa,1,1,regular
2016-11-20,Toluca,Santos,1,2,regular
2016-11-20,Puebla,Pumas,0,3,regular
2016-11-23,León,Tijuana,3,0,liguilla
2016-11-23,Pumas,Tigres,2,2,liguilla
2016-11-24,Necaxa,Pachuca,2,1,liguilla
2016-11-24,América,Chivas,1,1,liguilla
2016-11-26,Tigres,Pumas,5,0,liguilla
2016-11-26,Tijuana,León,3,2,liguilla
2016-11-27,Chivas,América,0,1,liguilla
2016-11-27,Pachuca,Necaxa,0,0,liguilla
2016-11-30,León,Tigres,0,1,liguilla
2016-12-01,Necaxa,América,1,1,liguilla
2016-12-03,Tigres,León,2,1,liguilla
2016-12-04,América,Necaxa,2,0,liguilla
2016-12-22,América,Tigres,1,1,liguilla
2016-12-25,Tigres,América,1,1,liguilla
2017-01-06,Veracruz,Querétaro,1,0,regular
2017-01-07,Cruz Azul,Necaxa,1,0,regular
2017-01-07,Morelia,Tijuana,2,0,regular
2017-01-07,Tigres,Santos,0,0,regular
2017-01-07,León,Pachuca,2,4,regular
2017-01-07,Chivas,Pumas,2,1,regular
2017-01-08,Toluca,Atlas,4,1,regular
2017-01-08,Puebla,Monterrey,2,3,regular
2017-01-13,Tijuana,Puebla,6,2,regular
2017-01-14,Querétaro,Morelia,0,0,regular
2017-01-14,Atlas,Tigres,2,0,regular
2017-01-14,Monterrey,Chivas,2,2,regular
2017-01-14,Pachuca,Chiapas,1,0,regular
2017-01-14,Necaxa,León,0,1,regular
2017-01-15,Pumas,Cruz Azul,1,0,regular
2017-01-15,Toluca,América,2,1,regular
2017-01-15,Santos,Veracruz,2,1,regular
2017-01-20,Veracruz,Atlas,1,0,regular
2017-01-21,Cruz Azul,Monterrey,2,2,regular
2017-01-21,Tigres,América,4,2,regular
2017-01-21,Morelia,Santos,1,1,regular
2017-01-21,León,Pumas,0,1,regular
2017-01-21,Necaxa,Pachuca,1,0,regular
2017-01-21,Chivas,Tijuana,0,1,regular
2017-01-22,Toluca,Chiapas,0,1,regular
2017-01-22,Puebla,Querétaro,0,0,regular
2017-01-27,Tijuana,Cruz Azul,1,0,regular
2017-01-28,Querétaro,Chivas,0,1,regular
2017-01-28,Atlas,Morelia,3,1,regular
2017-01-28,Monterrey,León,0,0,regular
2017-01-28,Pachuca,Toluca,0,0,regular
2017-01-28,América,Veracruz,1,0,regular
2017-01-29,Pumas,Necaxa,3,1,regular
2017-01-29,Chiapas,Tigres,1,0,regular
2017-01-29,Santos,Puebla,2,0,regular
2017-02-03,Puebla,Atlas,1,1,regular
2017-02-03,Veracruz,Chiapas,2,0,regular
2017-02-04,Cruz Azul,Querétaro,1,1,regular
2017-02-04,Morelia,América,0,2,regular
2017-02-04,Tigres,Toluca,0,1,regular
2017-02-04,León,Tijuana,2,4,regular
2017-02-04,Necaxa,Monterrey,1,1,regular
2017-02-05,Pumas,Pachuca,1,1,regular
2017-02-05,Chivas,Santos,1,1,regular
2017-02-07,Chiapas,América,2,0,regular
2017-02-10,Tijuana,Necaxa,1,2,regular
2017-02-11,Querétaro,León,2,1,regular
2017-02-11,Atlas,Chivas,1,2,regular
2017-02-11,Monterrey,Pumas,2,0,regular
2017-02-11,Pachuca,Tigres,1,0,regular
2017-02-11,América,Puebla,0,0,regular
2017-02-12,Toluca,Veracruz,1,0,regular
2017-02-12,Chiapas,Morelia,1,2,regular
2017-02-12,Santos,Cruz Azul,2,2,regular
2017-02-17,Veracruz,Tigres,0,3,regular
2017-02-18,Cruz Azul,Atlas,0,1,regular
2017-02-18,Monterrey,Pachuca,1,0,regular
2017-02-18,Morelia,Toluca,1,2,regular
2017-02-18,León,Santos,2,2,regular
2017-02-18,Necaxa,Querétaro,1,4,regular
2017-02-18,Chivas,América,1,0,regular
2017-02-19,Pumas,Tijuana,3,3,regular
2017-02-19,Puebla,Chiapas,3,0,regular
2017-02-24,Tijuana,Monterrey,2,0,regular
2017-02-25,Querétaro,Pumas,4,3,regular
2017-02-25,Tigres,Morelia,1,1,regular
2017-02-25,Atlas,León,2,0,regular
2017-02-25,Pachuca,Veracruz,1,0,regular
2017-02-25,América,Cruz Azul,2,0,regular
2017-02-26,Toluca,Puebla,1,3,regular
2017-02-26,Chiapas,Chivas,4,3,regular
2017-02-26,Santos,Necaxa,2,2,regular
2017-03-03,Tijuana,Pachuca,2,3,regular
2017-03-04,Cruz Azul,Chiapas,2,0,regular
2017-03-04,Morelia,Veracruz,1,0,regular
2017-03-04,Monterrey,Querétaro,4,1,regular
2017-03-04,León,América,1,1,regular
2017-03-04,Necaxa,Atlas,1,1,regular
2017-03-04,Chivas,Toluca,2,0,regular
2017-03-05,Pumas,Santos,2,1,regular
2017-03-05,Puebla,Tigres,0,2,regular
2017-03-17,Tijuana,Santos,1,1,regular
2017-03-18,Cruz Azul,Tigres,0,0,regular
2017-03-18,Querétaro,Pachuca,3,0,regular
2017-03-18,Monterrey,Atlas,2,0,regular
2017-03-18,León,Toluca,2,3,regular
2017-03-18,Necaxa,Chiapas,2,2,regular
2017-03-18,Chivas,Veracruz,2,0,regular
2017-03-19,Pumas,América,2,3,regular
2017-03-19,Puebla,Morelia,0,1,regular
2017-03-31,Veracruz,Cruz Azul,3,1,regular
2017-04-01,Chiapas,Pumas,0,3,regular
2017-04-01,Atlas,Tijuana,3,3,regular
2017-04-01,Tigres,León,0,1,regular
2017-04-01,Morelia,Chivas,0,0,regular
2017-04-01,Pachuca,Puebla,0,0,regular
2017-04-01,América,Monterrey,1,0,regular
2017-04-02,Toluca,Necaxa,2,0,regular
2017-04-02,Santos,Querétaro,1,0,regular
2017-04-07,Tijuana,América,0,0,regular
2017-04-08,Cruz Azul,Morelia,1,1,regular
2017-04-08,Querétaro,Atlas,1,4,regular
2017-04-08,Monterrey,Chiapas,4,1,regular
2017-04-08,León,Veracruz,4,0,regular
2017-04-08,Necaxa,Tigres,1,1,regular
2017-04-08,Chivas,Puebla,3,2,regular
2017-04-09,Pumas,Toluca,0,1,regular
2017-04-09,Santos,Pachuca,1,0,regular
2017-04-11,Chiapas,León,0,0,regular
2017-04-11,Veracruz,Puebla,3,2,regular
2017-04-11,Tigres,Chivas,3,0,regular
2017-04-12,Querétaro,Tijuana,0,1,regular
2017-04-12,Santos,Monterrey,2,2,regular
2017-04-12,América,Necaxa,1,0,regular
2017-04-12,Pachuca,Morelia,0,0,regular
2017-04-12,Atlas,Pumas,1,1,regular
2017-04-13,Toluca,Cruz Azul,0,2,regular
2017-04-15,Chiapas,Tijuana,1,2,regular
2017-04-15,Veracruz,Necaxa,0,1,regular
2017-04-15,Morelia,León,1,2,regular
2017-04-15,Tigres,Pumas,4,0,regular
2017-04-15,Atlas,Santos,1,1,regular
2017-04-15,Pachuca,Chivas,0,0,regular
2017-04-15,América,Querétaro,1,0,regular
2017-04-16,Toluca,Monterrey,1,1,regular
2017-04-16,Puebla,Cruz Azul,2,1,regular
2017-04-21,Tijuana,Toluca,2,0,regular
2017-04-22,Querétaro,Chiapas,2,2,regular
2017-04-22,Cruz Azul,Chivas,2,1,regular
2017-04-22,Monterrey,Tigres,1,0,regular
2017-04-22,Atlas,Pachuca,1,0,regular
2017-04-22,León,Puebla,1,0,regular
2017-04-22,Necaxa,Morelia,2,1,regular
2017-04-23,Pumas,Veracruz,0,2,regular
2017-04-23,Santos,América,2,1,regular
2017-04-28,Veracruz,Monterrey,1,0,regular
2017-04-29,Chiapas,Santos,2,2,regular
2017-04-29,Tigres,Tijuana,3,0,regular
2017-04-29,Morelia,Pumas,4,0,regular
2017-04-29,Pachuca,Cruz Azul,2,2,regular
2017-04-29,Chivas,León,1,1,regular
2017-04-29,América,Atlas,1,2,regular
2017-04-30,Toluca,Querétaro,1,2,regular
2017-04-30,Puebla,Necaxa,0,1,regular
2017-05-06,Querétaro,Tigres,1,5,regular
2017-05-06,León,Cruz Azul,1,2,regular
2017-05-06,Tijuana,Veracruz,1,0,regular
2017-05-06,Monterrey,Morelia,1,2,regular
2017-05-06,Atlas,Chiapas,0,1,regular
2017-05-06,América,Pachuca,2,3,regular
2017-05-06,Necaxa,Chivas,0,0,regular
2017-05-07,Pumas,Puebla,0,1,regular
2017-05-07,Santos,Toluca,2,2,regular
2017-05-10,Tigres,Monterrey,4,1,liguilla
2017-05-10,Santos,Toluca,1,4,liguilla
2017-05-11,Morelia,Tijuana,1,0,liguilla
2017-05-11,Atlas,Chivas,1,0,liguilla
2017-05-13,Monterrey,Tigres,0,2,liguilla
2017-05-13,Toluca,Santos,1,3,liguilla
2017-05-14,Chivas,Atlas,1,0,liguilla
2017-05-14,Tijuana,Morelia,2,0,liguilla
2017-05-18,Toluca,Chivas,1,1,liguilla
2017-05-18,Tigres,Tijuana,2,0,liguilla
2017-05-21,Chivas,Toluca,1,1,liguilla
2017-05-21,Tijuana,Tigres,0,2,liguilla
2017-05-25,Tigres,Chivas,2,2,liguilla
2017-05-28,Chivas,Tigres,2,1,liguilla
2017-07-21,Morelia,Monterrey,0,0,regular
2017-07-21,Tijuana,Cruz Azul,0,2,regular
2017-07-22,Lobos BUAP,Santos,2,2,regular
2017-07-22,América,Querétaro,0,1,regular
2017-07-22,Tigres,Puebla,5,0,regular
2017-07-22,León,Atlas,0,3,regular
2017-07-22,Chivas,Toluca,0,0,regular
2017-07-23,Pumas,Pachuca,1,0,regular
2017-07-23,Veracruz,Necaxa,0,2,regular
2017-07-28,Puebla,Morelia,1,1,regular
2017-07-28,Atlas,Pumas,2,1,regular
2017-07-29,Querétaro,Lobos BUAP,0,4,regular
2017-07-29,Cruz Azul,Chivas,1,1,regular
2017-07-29,Monterrey,Veracruz,1,0,regular
2017-07-29,Pachuca,América,0,2,regular
2017-07-29,Necaxa,Tijuana,1,0,regular
2017-07-30,Toluca,León,3,1,regular
2017-07-30,Santos,Tigres,1,1,regular
2017-08-04,Morelia,Santos,1,1,regular
2017-08-04,Tijuana,Monterrey,0,3,regular
2017-08-05,Lobos BUAP,Pachuca,3,2,regular
2017-08-05,Tigres,Querétaro,1,1,regular
2017-08-05,León,Cruz Azul,2,2,regular
2017-08-05,América,Pumas,2,1,regular
2017-08-05,Chivas,Necaxa,2,2,regular
2017-08-06,Toluca,Atlas,3,2,regular
2017-08-06,Veracruz,Puebla,2,0,regular
2017-08-11,Puebla,Tijuana,1,1,regular
2017-08-11,Atlas,América,0,1,regular
2017-08-12,Querétaro,Morelia,2,1,regular
2017-08-12,Cruz Azul,Toluca,0,0,regular
2017-08-12,Monterrey,Chivas,4,1,regular
2017-08-12,Pachuca,Tigres,2,1,regular
2017-08-12,Necaxa,León,0,3,regular
2017-08-13,Pumas,Lobos BUAP,2,0,regular
2017-08-13,Santos,Veracruz,2,3,regular
2017-08-18,Morelia,Pachuca,1,2,regular
2017-08-18,Tijuana,Santos,2,0,regular
2017-08-19,Lobos BUAP,América,2,3,regular
2017-08-19,Cruz Azul,Atlas,2,1,regular
2017-08-19,Veracruz,Querétaro,1,1,regular
2017-08-19,Tigres,Pumas,2,0,regular
2017-08-19,León,Monterrey,1,2,regular
2017-08-19,Chivas,Puebla,0,1,regular
2017-08-20,Toluca,Necaxa,0,0,regular
2017-08-22,Pachuca,Veracruz,4,1,regular
2017-08-22,Atlas,Lobos BUAP,1,1,regular
2017-08-22,Pumas,Morelia,1,2,regular
2017-08-22,Querétaro,Tijuana,1,3,regular
2017-08-23,América,Tigres,2,2,regular
2017-08-23,Puebla,León,0,1,regular
2017-08-23,Santos,Chivas,1,1,regular
2017-08-23,Monterrey,Toluca,4,1,regular
2017-08-23,Necaxa,Cruz Azul,1,1,regular
2017-08-25,Tijuana,Pachuca,2,1,regular
2017-08-26,Cruz Azul,Monterrey,1,1,regular
2017-08-26,Tigres,Lobos BUAP,3,2,regular
2017-08-26,León,Santos,1,2,regular
2017-08-26,Morelia,América,2,0,regular
2017-08-26,Necaxa,Atlas,2,1,regular
2017-08-26,Chivas,Querétaro,0,0,regular
2017-08-27,Toluca,Puebla,2,1,regular
2017-08-27,Veracruz,Pumas,1,0,regular
2017-09-08,Puebla,Cruz Azul,0,0,regular
2017-09-09,Lobos BUAP,Morelia,1,3,regular
2017-09-09,Querétaro,León,1,2,regular
2017-09-09,Monterrey,Necaxa,1,0,regular
2017-09-09,Pachuca,Chivas,1,3,regular
2017-09-09,América,Veracruz,2,0,regular
2017-09-10,Pumas,Tijuana,0,2,regular
2017-09-10,Santos,Toluca,0,0,regular
2017-09-15,Morelia,Tigres,3,3,regular
2017-09-15,Tijuana,América,1,1,regular
2017-09-16,Cruz Azul,Santos,2,1,regular
2017-09-16,Monterrey,Atlas,2,1,regular
2017-09-16,León,Pachuca,3,1,regular
2017-09-16,Necaxa,Puebla,1,1,regular
2017-09-16,Chivas,Pumas,1,1,regular
2017-09-17,Toluca,Querétaro,3,2,regular
2017-09-17,Veracruz,Lobos BUAP,0,1,regular
2017-09-26,Chivas,Lobos BUAP,1,2,regular
2017-09-26,Puebla,Atlas,1,2,regular
2017-09-26,Veracruz,Morelia,2,1,regular
2017-09-26,Tijuana,Tigres,0,1,regular
2017-09-27,León,América,2,1,regular
2017-09-27,Toluca,Pumas,2,1,regular
2017-09-27,Necaxa,Querétaro,1,0,regular
2017-09-27,Pachuca,Cruz Azul,4,0,regular
2017-09-29,Morelia,Tijuana,3,0,regular
2017-09-29,Atlas,Veracruz,2,0,regular
2017-09-30,Lobos BUAP,León,0,3,regular
2017-09-30,Querétaro,Monterrey,2,2,regular
2017-09-30,Tigres,Chivas,1,0,regular
2017-09-30,Pachuca,Necaxa,0,0,regular
2017-09-30,Toluca,América,1,2,regular
2017-10-01,Pumas,Cruz Azul,1,4,regular
2017-10-01,Santos,Puebla,0,0,regular
2017-10-11,Toluca,Lobos BUAP,3,1,regular
2017-10-13,Puebla,Querétaro,2,2,regular
2017-10-13,Tijuana,Veracruz,0,0,regular
2017-10-14,Cruz Azul,América,1,3,regular
2017-10-14,Monterrey,Pachuca,2,0,regular
2017-10-14,León,Tigres,1,0,regular
2017-10-14,Necaxa,Pumas,0,0,regular
2017-10-14,Chivas,Morelia,1,2,regular
2017-10-15,Santos,Atlas,0,1,regular
2017-10-17,Lobos BUAP,Tijuana,1,2,regular
2017-10-17,Querétaro,Cruz Azul,1,2,regular
2017-10-17,Tigres,Veracruz,1,0,regular
2017-10-17,Pumas,León,2,0,regular
2017-10-17,Atlas,Morelia,0,1,regular
2017-10-18,Santos,Necaxa,3,2,regular
2017-10-18,Pachuca,Toluca,2,2,regular
2017-10-18,Puebla,Monterrey,2,0,regular
2017-10-18,América,Chivas,2,1,regular
2017-10-20,Morelia,León,0,0,regular
2017-10-20,Atlas,Tijuana,1,0,regular
2017-10-21,Lobos BUAP,Cruz Azul,3,0,regular
2017-10-21,Querétaro,Santos,1,2,regular
2017-10-21,Tigres,Toluca,3,0,regular
2017-10-21,Pachuca,Puebla,1,0,regular
2017-10-21,América,Necaxa,0,1,regular
2017-10-22,Pumas,Monterrey,0,1,regular
2017-10-22,Veracruz,Chivas,2,3,regular
2017-10-27,Puebla,Pumas,3,0,regular
2017-10-28,Cruz Azul,Tigres,1,2,regular
2017-10-28,Querétaro,Atlas,2,2,regular
2017-10-28,Monterrey,América,2,0,regular
2017-10-28,León,Veracruz,6,2,regular
2017-10-28,Necaxa,Lobos BUAP,5,0,regular
2017-10-28,Chivas,Tijuana,3,1,regular
2017-10-29,Toluca,Morelia,0,1,regular
2017-10-29,Santos,Pachuca,2,2,regular
2017-11-01,Atlas,Tigres,1,1,regular
2017-11-03,Morelia,Cruz Azul,1,2,regular
2017-11-03,Tijuana,León,2,1,regular
2017-11-04,Lobos BUAP,Monterrey,2,1,regular
2017-11-04,Pachuca,Querétaro,0,1,regular
2017-11-04,América,Puebla,1,1,regular
2017-11-04,Chivas,Atlas,1,2,regular
2017-11-05,Pumas,Santos,2,2,regular
2017-11-05,Tigres,Necaxa,1,0,regular
2017-11-05,Veracruz,Toluca,0,1,regular
2017-11-09,Monterrey,Santos,1,1,regular
2017-11-17,Puebla,Lobos BUAP,0,1,regular
2017-11-17,Atlas,Pachuca,1,1,regular
2017-11-18,Cruz Azul,Veracruz,1,0,regular
2017-11-18,Querétaro,Pumas,1,1,regular
2017-11-18,Monterrey,Tigres,2,0,regular
2017-11-18,León,Chivas,0,2,regular
2017-11-18,Necaxa,Morelia,1,2,regular
2017-11-19,Toluca,Tijuana,3,1,regular
2017-11-19,Santos,América,0,1,regular
2017-11-22,Toluca,Morelia,2,1,liguilla
2017-11-22,León,Tigres,1,1,liguilla
2017-11-23,Cruz Azul,América,0,0,liguilla
2017-11-23,Atlas,Monterrey,1,2,liguilla
2017-11-25,Tigres,León,1,1,liguilla
2017-11-25,Morelia,Toluca,2,1,liguilla
2017-11-26,Monterrey,Atlas,4,1,liguilla
2017-11-26,América,Cruz Azul,0,0,liguilla
2017-11-29,América,Tigres,0,1,liguilla
2017-11-30,Morelia,Monterrey,0,1,liguilla
2017-12-02,Tigres,América,3,0,liguilla
2017-12-03,Monterrey,Morelia,4,0,liguilla
2017-12-07,Tigres,Monterrey,1,1,liguilla
2017-12-10,Monterrey,Tigres,1,2,liguilla
2018-01-05,Puebla,Tigres,2,1,regular
2018-01-05,Atlas,León,1,2,regular
2018-01-06,Cruz Azul,Tijuana,0,0,regular
2018-01-06,Monterrey,Morelia,1,1,regular
2018-01-06,Pachuca,Pumas,2,3,regular
2018-01-06,Necaxa,Veracruz,0,0,regular
2018-01-07,Toluca,Chivas,1,1,regular
2018-01-07,Querétaro,América,0,1,regular
2018-01-07,Santos,Lobos BUAP,4,2,regular
2018-01-12,Morelia,Puebla,1,0,regular
2018-01-12,Tijuana,Necaxa,1,0,regular
2018-01-13,Lobos BUAP,Querétaro,0,2,regular
2018-01-13,América,Pachuca,2,2,regular
2018-01-13,Tigres,Santos,2,1,regular
2018-01-13,León,Toluca,3,1,regular
2018-01-13,Chivas,Cruz Azul,1,3,regular
2018-01-14,Pumas,Atlas,3,1,regular
2018-01-14,Veracruz,Monterrey,0,2,regular
2018-01-19,Puebla,Veracruz,2,0,regular
2018-01-19,Atlas,Toluca,1,3,regular
2018-01-20,Cruz Azul,León,0,0,regular
2018-01-20,Querétaro,Tigres,0,0,regular
2018-01-20,Monterrey,Tijuana,0,0,regular
2018-01-20,Pachuca,Lobos BUAP,3,1,regular
2018-01-20,Necaxa,Chivas,1,3,regular
2018-01-21,Pumas,América,0,0,regular
2018-01-21,Santos,Morelia,1,0,regular
2018-01-26,Morelia,Querétaro,1,0,regular
2018-01-26,Tijuana,Puebla,2,0,regular
2018-01-27,Lobos BUAP,Pumas,1,1,regular
2018-01-27,Tigres,Pachuca,3,2,regular
2018-01-27,León,Necaxa,0,4,regular
2018-01-27,América,Atlas,1,0,regular
2018-01-27,Chivas,Monterrey,1,2,regular
2018-01-28,Toluca,Cruz Azul,1,1,regular
2018-01-28,Veracruz,Santos,1,1,regular
2018-02-02,Puebla,Chivas,2,0,regular
2018-02-02,Atlas,Cruz Azul,2,1,regular
2018-02-03,Querétaro,Veracruz,0,1,regular
2018-02-03,Monterrey,León,5,1,regular
2018-02-03,Santos,Tijuana,0,0,regular
2018-02-03,Pachuca,Morelia,2,3,regular
2018-02-03,América,Lobos BUAP,5,1,regular
2018-02-03,Necaxa,Toluca,0,0,regular
2018-02-04,Pumas,Tigres,2,0,regular
2018-02-09,Morelia,Pumas,1,2,regular
2018-02-09,Tijuana,Querétaro,0,2,regular
2018-02-10,Cruz Azul,Necaxa,0,2,regular
2018-02-10,Lobos BUAP,Atlas,3,1,regular
2018-02-10,Tigres,América,1,1,regular
2018-02-10,León,Puebla,2,1,regular
2018-02-10,Chivas,Santos,0,2,regular
2018-02-11,Toluca,Monterrey,2,1,regular
2018-02-11,Veracruz,Pachuca,0,1,regular
2018-02-13,Atlas,Necaxa,1,1,regular
2018-02-13,Lobos BUAP,Tigres,0,0,regular
2018-02-13,América,Morelia,4,1,regular
2018-02-14,Santos,León,5,1,regular
2018-02-14,Querétaro,Chivas,2,2,regular
2018-02-14,Monterrey,Cruz Azul,2,2,regular
2018-02-14,Puebla,Toluca,2,0,regular
2018-02-14,Pumas,Veracruz,1,2,regular
2018-02-14,Pachuca,Tijuana,2,0,regular
2018-02-16,Morelia,Lobos BUAP,2,1,regular
2018-02-17,Cruz Azul,Puebla,1,1,regular
2018-02-17,Tigres,Atlas,2,0,regular
2018-02-17,León,Querétaro,1,1,regular
2018-02-17,Tijuana,Pumas,4,1,regular
2018-02-17,Necaxa,Monterrey,3,0,regular
2018-02-17,Chivas,Pachuca,1,1,regular
2018-02-18,Toluca,Santos,2,0,regular
2018-02-18,Veracruz,América,1,1,regular
2018-02-23,Puebla,Necaxa,1,1,regular
2018-02-23,Atlas,Monterrey,0,1,regular
2018-02-24,Lobos BUAP,Veracruz,5,0,regular
2018-02-24,Querétaro,Toluca,0,2,regular
2018-02-24,Tigres,Morelia,2,1,regular
2018-02-24,Pachuca,León,2,1,regular
2018-02-24,América,Tijuana,0,0,regular
2018-02-25,Pumas,Chivas,1,1,regular
2018-02-25,Santos,Cruz Azul,2,0,regular
2018-03-02,Morelia,Atlas,2,1,regular
2018-03-02,Tijuana,Lobos BUAP,3,1,regular
2018-03-03,Cruz Azul,Querétaro,0,1,regular
2018-03-03,Monterrey,Puebla,1,3,regular
2018-03-03,León,Pumas,3,0,regular
2018-03-03,Necaxa,Santos,1,2,regular
2018-03-03,Chivas,América,1,1,regular
2018-03-04,Toluca,Pachuca,2,1,regular
2018-03-04,Veracruz,Tigres,0,2,regular
2018-03-09,Morelia,Veracruz,2,0,regular
2018-03-09,Atlas,Puebla,1,0,regular
2018-03-10,Cruz Azul,Pachuca,5,0,regular
2018-03-10,Lobos BUAP,Chivas,0,1,regular
2018-03-10,Querétaro,Necaxa,1,1,regular
2018-03-10,Tigres,Tijuana,1,0,regular
2018-03-10,América,León,2,0,regular
2018-03-11,Pumas,Toluca,0,1,regular
2018-03-11,Santos,Monterrey,3,2,regular
2018-03-16,Puebla,Santos,0,1,regular
2018-03-16,Tijuana,Morelia,1,1,regular
2018-03-17,Cruz Azul,Pumas,1,1,regular
2018-03-17,Monterrey,Querétaro,3,1,regular
2018-03-17,León,Lobos BUAP,2,2,regular
2018-03-17,América,Toluca,1,2,regular
2018-03-17,Necaxa,Pachuca,1,1,regular
2018-03-17,Chivas,Tigres,0,0,regular
2018-03-18,Veracruz,Atlas,3,1,regular
2018-03-30,Morelia,Chivas,1,2,regular
2018-03-30,Atlas,Santos,3,2,regular
2018-03-31,Lobos BUAP,Toluca,1,2,regular
2018-03-31,Querétaro,Puebla,2,1,regular
2018-03-31,Tigres,León,4,1,regular
2018-03-31,Pachuca,Monterrey,1,2,regular
2018-03-31,América,Cruz Azul,2,1,regular
2018-04-01,Pumas,Necaxa,1,1,regular
2018-04-01,Veracruz,Tijuana,1,0,regular
2018-04-06,Puebla,Pachuca,2,6,regular
2018-04-06,Tijuana,Atlas,2,2,regular
2018-04-07,Cruz Azul,Lobos BUAP,1,0,regular
2018-04-07,Monterrey,Pumas,2,1,regular
2018-04-07,León,Morelia,2,3,regular
2018-04-07,Necaxa,América,1,1,regular
2018-04-07,Chivas,Veracruz,0,1,regular
2018-04-08,Toluca,Tigres,1,0,regular
2018-04-08,Santos,Querétaro,3,0,regular
2018-04-13,Tijuana,Chivas,3,0,regular
2018-04-13,Atlas,Querétaro,1,0,regular
2018-04-14,Lobos BUAP,Necaxa,0,1,regular
2018-04-14,Tigres,Cruz Azul,2,2,regular
2018-04-14,Pachuca,Santos,3,1,regular
2018-04-14,Morelia,Toluca,0,1,regular
2018-04-14,América,Monterrey,0,0,regular
2018-04-15,Pumas,Puebla,4,2,regular
2018-04-15,Veracruz,León,1,2,regular
2018-04-20,Puebla,América,3,1,regular
2018-04-20,Atlas,Chivas,1,0,regular
2018-04-21,Cruz Azul,Morelia,2,0,regular
2018-04-21,Querétaro,Pachuca,0,0,regular
2018-04-21,Monterrey,Lobos BUAP,4,0,regular
2018-04-21,León,Tijuana,1,1,regular
2018-04-21,Necaxa,Tigres,1,1,regular
2018-04-22,Toluca,Veracruz,3,0,regular
2018-04-22,Santos,Pumas,1,2,regular
2018-04-27,Morelia,Necaxa,2,2,regular
2018-04-27,Tijuana,Toluca,1,0,regular
2018-04-28,Lobos BUAP,Puebla,0,1,regular
2018-04-28,Tigres,Monterrey,2,2,regular
2018-04-28,Pachuca,Atlas,0,0,regular
2018-04-28,América,Santos,1,0,regular
2018-04-28,Chivas,León,0,2,regular
2018-04-29,Pumas,Querétaro,1,1,regular
2018-04-29,Veracruz,Cruz Azul,1,2,regular
2018-05-02,Pumas,América,1,4,liguilla
2018-05-02,Tijuana,Monterrey,1,1,liguilla
2018-05-03,Tigres,Santos,2,0,liguilla
2018-05-03,Morelia,Toluca,2,2,liguilla
2018-05-05,América,Pumas,2,1,liguilla
2018-05-05,Monterrey,Tijuana,1,2,liguilla
2018-05-06,Toluca,Morelia,2,2,liguilla
2018-05-06,Santos,Tigres,2,0,liguilla
2018-05-10,Santos,América,4,1,liguilla
2018-05-10,Tijuana,Toluca,2,1,liguilla
2018-05-13,Toluca,Tijuana,4,1,liguilla
2018-05-13,América,Santos,2,2,liguilla
2018-05-17,Santos,Toluca,2,1,liguilla
2018-05-20,Toluca,Santos,1,1,liguilla
2018-07-20,Veracruz,Pumas,0,2,regular
2018-07-20,Atlas,Querétaro,0,0,regular
2018-07-21,Cruz Azul,Puebla,3,0,regular
2018-07-21,Pachuca,Monterrey,0,1,regular
2018-07-21,Tigres,León,2,0,regular
2018-07-21,Tijuana,Chivas,2,1,regular
2018-07-22,Toluca,Morelia,2,0,regular
2018-07-22,Santos,Lobos BUAP,2,1,regular
2018-07-22,Necaxa,América,2,1,regular
2018-07-27,Morelia,Santos,3,1,regular
2018-07-27,Puebla,Toluca,2,1,regular
2018-07-28,Querétaro,Pachuca,1,0,regular
2018-07-28,América,Atlas,3,0,regular
2018-07-28,Chivas,Cruz Azul,0,1,regular
2018-07-29,Pumas,Necaxa,5,3,regular
2018-07-29,Lobos BUAP,Veracruz,2,0,regular
2018-07-29,Tigres,Tijuana,1,0,regular
2018-07-29,León,Monterrey,0,2,regular
2018-08-03,Veracruz,Morelia,2,2,regular
2018-08-03,Atlas,Pumas,0,3,regular
2018-08-04,Necaxa,Lobos BUAP,1,0,regular
2018-08-04,Pachuca,América,1,3,regular
2018-08-04,Cruz Azul,Tigres,1,0,regular
2018-08-04,Monterrey,Querétaro,2,1,regular
2018-08-05,Toluca,Chivas,2,2,regular
2018-08-05,Santos,Puebla,2,0,regular
2018-08-05,Tijuana,León,1,1,regular
2018-08-10,Puebla,Veracruz,1,2,regular
2018-08-10,Morelia,Necaxa,2,1,regular
2018-08-11,Lobos BUAP,Atlas,0,0,regular
2018-08-11,León,Querétaro,4,0,regular
2018-08-11,Tigres,Toluca,1,2,regular
2018-08-11,América,Monterrey,3,0,regular
2018-08-12,Pumas,Pachuca,0,0,regular
2018-08-12,Chivas,Santos,1,2,regular
2018-08-12,Tijuana,Cruz Azul,1,1,regular
2018-08-17,Veracruz,Chivas,0,2,regular
2018-08-17,Atlas,Morelia,0,1,regular
2018-08-18,Cruz Azul,León,3,0,regular
2018-08-18,Pachuca,Lobos BUAP,3,0,regular
2018-08-18,Necaxa,Puebla,2,2,regular
2018-08-18,Querétaro,América,1,1,regular
2018-08-18,Monterrey,Pumas,1,0,regular
2018-08-19,Toluca,Tijuana,3,0,regular
2018-08-19,Santos,Tigres,3,1,regular
2018-08-21,Morelia,Pachuca,1,1,regular
2018-08-21,Pumas,Querétaro,0,1,regular
2018-08-21,Puebla,Atlas,2,0,regular
2018-08-21,Chivas,Necaxa,1,0,regular
2018-08-22,Cruz Azul,Toluca,1,0,regular
2018-08-22,León,América,2,0,regular
2018-08-22,Tigres,Veracruz,4,0,regular
2018-08-22,Lobos BUAP,Monterrey,1,2,regular
2018-08-22,Tijuana,Santos,2,2,regular
2018-08-24,Atlas,Chivas,0,1,regular
2018-08-25,Pachuca,Puebla,2,0,regular
2018-08-25,América,Pumas,2,2,regular
2018-08-25,Veracruz,Tijuana,1,0,regular
2018-08-25,Necaxa,Tigres,1,1,regular
2018-08-25,Monterrey,Morelia,2,2,regular
2018-08-26,Querétaro,Lobos BUAP,2,0,regular
2018-08-26,Toluca,León,1,2,regular
2018-08-26,Santos,Cruz Azul,1,1,regular
2018-08-31,Morelia,Querétaro,1,4,regular
2018-08-31,Puebla,Monterrey,2,1,regular
2018-08-31,Tijuana,Necaxa,1,0,regular
2018-09-01,Cruz Azul,Veracruz,4,1,regular
2018-09-01,León,Pumas,1,2,regular
2018-09-01,Tigres,Atlas,3,1,regular
2018-09-01,Chivas,Pachuca,1,3,regular
2018-09-02,Toluca,Santos,2,1,regular
2018-09-02,Lobos BUAP,América,0,2,regular
2018-09-14,Veracruz,Toluca,2,3,regular
2018-09-15,Querétaro,Puebla,0,1,regular
2018-09-15,Pachuca,Tigres,1,1,regular
2018-09-15,América,Morelia,2,1,regular
2018-09-15,Necaxa,Cruz Azul,2,0,regular
2018-09-15,Monterrey,Chivas,2,4,regular
2018-09-16,Pumas,Lobos BUAP,4,2,regular
2018-09-16,Santos,León,3,0,regular
2018-09-16,Atlas,Tijuana,0,1,regular
2018-09-21,Morelia,Pumas,0,0,regular
2018-09-21,Puebla,América,2,3,regular
2018-09-22,Toluca,Necaxa,3,2,regular
2018-09-22,León,Lobos BUAP,0,1,regular
2018-09-22,Cruz Azul,Atlas,2,0,regular
2018-09-22,Tijuana,Pachuca,1,0,regular
2018-09-23,Chivas,Querétaro,1,1,regular
2018-09-23,Santos,Veracruz,1,1,regular
2018-09-23,Tigres,Monterrey,0,0,regular
2018-09-28,Veracruz,León,0,4,regular
2018-09-28,Atlas,Toluca,2,0,regular
2018-09-29,Querétaro,Tigres,0,2,regular
2018-09-29,Pachuca,Cruz Azul,3,1,regular
2018-09-29,Necaxa,Santos,0,1,regular
2018-09-29,Monterrey,Tijuana,3,0,regular
2018-09-30,Pumas,Puebla,2,2,regular
2018-09-30,Lobos BUAP,Morelia,3,1,regular
2018-09-30,América,Chivas,1,1,regular
2018-10-05,Santos,Atlas,3,1,regular
2018-10-05,Veracruz,Necaxa,0,0,regular
2018-10-06,Cruz Azul,Monterrey,2,1,regular
2018-10-06,León,Morelia,1,2,regular
2018-10-06,Tigres,América,2,3,regular
2018-10-06,Chivas,Pumas,1,2,regular
2018-10-06,Tijuana,Querétaro,1,1,regular
2018-10-07,Toluca,Pachuca,2,1,regular
2018-10-07,Puebla,Lobos BUAP,2,2,regular
2018-10-19,Atlas,Veracruz,4,3,regular
2018-10-20,Querétaro,Cruz Azul,2,0,regular
2018-10-20,Pachuca,Santos,1,1,regular
2018-10-20,América,Tijuana,3,0,regular
2018-10-20,Necaxa,León,0,2,regular
2018-10-20,Monterrey,Toluca,2,1,regular
2018-10-21,Lobos BUAP,Chivas,1,1,regular
2018-10-21,Pumas,Tigres,3,3,regular
2018-10-21,Morelia,Puebla,2,0,regular
2018-10-26,Santos,Monterrey,1,0,regular
2018-10-26,Veracruz,Pachuca,2,3,regular
2018-10-27,Necaxa,Atlas,2,2,regular
2018-10-27,Tigres,Lobos BUAP,2,2,regular
2018-10-27,Chivas,Morelia,1,2,regular
2018-10-27,Cruz Azul,América,0,0,regular
2018-10-27,Tijuana,Pumas,0,1,regular
2018-10-28,Toluca,Querétaro,4,0,regular
2018-10-28,León,Puebla,0,4,regular
2018-11-02,Morelia,Tigres,0,2,regular
2018-11-02,Puebla,Chivas,2,2,regular
2018-11-03,Pachuca,Necaxa,6,2,regular
2018-11-03,América,Toluca,1,1,regular
2018-11-03,Monterrey,Veracruz,2,0,regular
2018-11-03,Lobos BUAP,Tijuana,3,1,regular
2018-11-04,Pumas,Cruz Azul,1,2,regular
2018-11-04,Querétaro,Santos,2,1,regular
2018-11-04,Atlas,León,0,0,regular
2018-11-09,Veracruz,Querétaro,2,2,regular
2018-11-09,Atlas,Pachuca,0,0,regular
2018-11-10,Cruz Azul,Lobos BUAP,2,1,regular
2018-11-10,León,Chivas,0,1,regular
2018-11-10,Tigres,Puebla,6,1,regular
2018-11-10,Necaxa,Monterrey,1,1,regular
2018-11-10,Tijuana,Morelia,2,3,regular
2018-11-11,Toluca,Pumas,0,1,regular
2018-11-11,Santos,América,1,1,regular
2018-11-23,Morelia,Cruz Azul,0,2,regular
2018-11-23,Puebla,Tijuana,0,0,regular
2018-11-24,Querétaro,Necaxa,1,0,regular
2018-11-24,Pachuca,León,1,1,regular
2018-11-24,América,Veracruz,4,1,regular
2018-11-24,Chivas,Tigres,0,1,regular
2018-11-24,Monterrey,Atlas,3,1,regular
2018-11-25,Pumas,Santos,1,1,regular
2018-11-25,Lobos BUAP,Toluca,2,0,regular
2018-11-28,Querétaro,Cruz Azul,0,2,liguilla
2018-11-28,Monterrey,Santos,1,0,liguilla
2018-11-29,Toluca,América,2,2,liguilla
2018-11-29,Tigres,Pumas,2,1,liguilla
2018-12-01,Cruz Azul,Querétaro,1,1,liguilla
2018-12-01,Santos,Monterrey,0,2,liguilla
2018-12-02,Pumas,Tigres,3,1,liguilla
2018-12-02,América,Toluca,3,2,liguilla
2018-12-05,Monterrey,Cruz Azul,1,0,liguilla
2018-12-06,Pumas,América,1,1,liguilla
2018-12-08,Cruz Azul,Monterrey,1,0,liguilla
2018-12-09,América,Pumas,6,1,liguilla
2018-12-13,América,Cruz Azul,0,0,liguilla
2018-12-16,Cruz Azul,América,0,2,liguilla
2019-01-04,Morelia,Toluca,1,3,regular
2019-01-04,Puebla,Cruz Azul,1,1,regular
2019-01-05,Querétaro,Atlas,1,2,regular
2019-01-05,Monterrey,Pachuca,5,0,regular
2019-01-05,León,Tigres,2,2,regular
2019-01-05,Chivas,Tijuana,2,0,regular
2019-01-06,Pumas,Veracruz,0,0,regular
2019-01-06,Lobos BUAP,Santos,2,0,regular
2019-01-11,Veracruz,Lobos BUAP,0,1,regular
2019-01-11,Atlas,América,1,2,regular
2019-01-12,Monterrey,León,2,2,regular
2019-01-12,Cruz Azul,Chivas,0,1,regular
2019-01-12,Pachuca,Querétaro,3,0,regular
2019-01-12,Necaxa,Pumas,2,1,regular
2019-01-12,Tijuana,Tigres,0,3,regular
2019-01-13,Toluca,Puebla,2,0,regular
2019-01-13,Santos,Morelia,1,0,regular
2019-01-18,Morelia,Veracruz,2,0,regular
2019-01-18,Puebla,Santos,1,1,regular
2019-01-19,Querétaro,Monterrey,1,2,regular
2019-01-19,América,Pachuca,3,0,regular
2019-01-19,Tigres,Cruz Azul,0,1,regular
2019-01-20,Pumas,Atlas,2,2,regular
2019-01-20,Lobos BUAP,Necaxa,2,3,regular
2019-01-20,Chivas,Toluca,1,0,regular
2019-01-20,León,Tijuana,0,1,regular
2019-01-25,Veracruz,Puebla,0,1,regular
2019-01-25,Atlas,Lobos BUAP,3,1,regular
2019-01-26,Cruz Azul,Tijuana,1,0,regular
2019-01-26,Monterrey,América,3,2,regular
2019-01-26,Pachuca,Pumas,1,0,regular
2019-01-26,Necaxa,Morelia,0,0,regular
2019-01-27,Toluca,Tigres,0,1,regular
2019-01-27,Querétaro,León,0,4,regular
2019-01-27,Santos,Chivas,1,0,regular
2019-02-01,Morelia,Atlas,1,2,regular
2019-02-01,Puebla,Necaxa,1,4,regular
2019-02-02,América,Querétaro,2,0,regular
2019-02-02,León,Cruz Azul,2,0,regular
2019-02-02,Tigres,Santos,2,1,regular
2019-02-02,Tijuana,Toluca,2,0,regular
2019-02-03,Pumas,Monterrey,1,1,regular
2019-02-03,Lobos BUAP,Pachuca,1,1,regular
2019-02-04,Chivas,Veracruz,0,0,regular
2019-02-08,Veracruz,Tigres,0,2,regular
2019-02-08,Atlas,Puebla,1,2,regular
2019-02-09,Monterrey,Lobos BUAP,4,0,regular
2019-02-09,Querétaro,Pumas,0,2,regular
2019-02-09,América,León,0,3,regular
2019-02-09,Pachuca,Morelia,2,0,regular
2019-02-09,Necaxa,Chivas,3,3,regular
2019-02-10,Toluca,Cruz Azul,1,1,regular
2019-02-10,Santos,Tijuana,1,1,regular
2019-02-15,Morelia,Monterrey,2,3,regular
2019-02-15,Puebla,Pachuca,1,1,regular
2019-02-15,Tijuana,Veracruz,3,0,regular
2019-02-16,Cruz Azul,Santos,1,2,regular
2019-02-16,León,Toluca,3,0,regular
2019-02-16,Tigres,Necaxa,3,2,regular
2019-02-16,Chivas,Atlas,3,0,regular
2019-02-17,Pumas,América,1,0,regular
2019-02-17,Lobos BUAP,Querétaro,3,1,regular
2019-02-22,Veracruz,Cruz Azul,1,1,regular
2019-02-22,Atlas,Tigres,0,1,regular
2019-02-23,Querétaro,Morelia,3,0,regular
2019-02-23,América,Lobos BUAP,3,0,regular
2019-02-23,Monterrey,Puebla,0,0,regular
2019-02-23,Necaxa,Tijuana,1,2,regular
2019-02-23,Pachuca,Chivas,3,1,regular
2019-02-24,Pumas,León,1,3,regular
2019-02-24,Santos,Toluca,4,0,regular
2019-03-01,Morelia,América,2,2,regular
2019-03-01,Tijuana,Atlas,3,1,regular
2019-03-02,Cruz Azul,Necaxa,2,1,regular
2019-03-02,León,Santos,3,0,regular
2019-03-02,Tigres,Pachuca,3,0,regular
2019-03-02,Chivas,Monterrey,0,2,regular
2019-03-03,Toluca,Veracruz,3,1,regular
2019-03-03,Lobos BUAP,Pumas,2,1,regular
2019-03-04,Puebla,Querétaro,1,0,regular
2019-03-05,América,Necaxa,1,3,regular
2019-03-08,Veracruz,Santos,2,2,regular
2019-03-08,Atlas,Cruz Azul,0,2,regular
2019-03-09,Pachuca,Tijuana,4,0,regular
2019-03-09,América,Puebla,1,0,regular
2019-03-09,Monterrey,Tigres,1,1,regular
2019-03-09,Necaxa,Toluca,1,1,regular
2019-03-09,Querétaro,Chivas,0,0,regular
2019-03-10,Pumas,Morelia,2,2,regular
2019-03-10,Lobos BUAP,León,0,1,regular
2019-03-15,Morelia,Lobos BUAP,1,1,regular
2019-03-15,Puebla,Pumas,1,0,regular
2019-03-16,Cruz Azul,Pachuca,4,1,regular
2019-03-16,Chivas,América,0,2,regular
2019-03-16,Tigres,Querétaro,4,1,regular
2019-03-16,Tijuana,Monterrey,1,0,regular
2019-03-17,Toluca,Atlas,2,0,regular
2019-03-17,Santos,Necaxa,1,2,regular
2019-03-17,León,Veracruz,2,0,regular
2019-03-29,Morelia,León,2,3,regular
2019-03-29,Atlas,Santos,1,0,regular
2019-03-30,Querétaro,Tijuana,1,0,regular
2019-03-30,América,Tigres,3,0,regular
2019-03-30,Pachuca,Toluca,3,2,regular
2019-03-30,Monterrey,Cruz Azul,2,2,regular
2019-03-30,Necaxa,Veracruz,2,0,regular
2019-03-31,Pumas,Chivas,2,1,regular
2019-03-31,Lobos BUAP,Puebla,0,4,regular
2019-04-05,Veracruz,Atlas,0,1,regular
2019-04-05,Puebla,Morelia,1,1,regular
2019-04-06,Cruz Azul,Querétaro,3,0,regular
2019-04-06,León,Necaxa,2,1,regular
2019-04-06,Tigres,Pumas,2,0,regular
2019-04-06,Chivas,Lobos BUAP,0,1,regular
2019-04-06,Tijuana,América,3,2,regular
2019-04-07,Toluca,Monterrey,5,1,regular
2019-04-07,Santos,Pachuca,0,0,regular
2019-04-12,Puebla,León,0,3,regular
2019-04-12,Atlas,Necaxa,1,2,regular
2019-04-13,Querétaro,Toluca,0,0,regular
2019-04-13,Pachuca,Veracruz,9,2,regular
2019-04-13,Morelia,Chivas,1,0,regular
2019-04-14,Pumas,Tijuana,1,0,regular
2019-04-14,Lobos BUAP,Tigres,0,3,regular
2019-04-14,América,Cruz Azul,0,0,regular
2019-04-14,Monterrey,Santos,4,0,regular
2019-04-19,Veracruz,Monterrey,0,1,regular
2019-04-19,Tijuana,Lobos BUAP,1,2,regular
2019-04-20,Necaxa,Pachuca,2,2,regular
2019-04-20,León,Atlas,5,2,regular
2019-04-20,Cruz Azul,Pumas,2,1,regular
2019-04-20,Tigres,Morelia,3,3,regular
2019-04-20,Chivas,Puebla,1,3,regular
2019-04-21,Toluca,América,3,2,regular
2019-04-21,Santos,Querétaro,2,1,regular
2019-04-26,Puebla,Tigres,1,1,regular
2019-04-26,Morelia,Tijuana,1,4,regular
2019-04-27,Pachuca,Atlas,1,0,regular
2019-04-27,América,Santos,1,0,regular
2019-04-27,Monterrey,Necaxa,2,2,regular
2019-04-27,Chivas,León,2,1,regular
2019-04-28,Pumas,Toluca,2,2,regular
2019-04-28,Lobos BUAP,Cruz Azul,1,4,regular
2019-04-28,Querétaro,Veracruz,2,1,regular
2019-05-03,Veracruz,América,0,2,regular
2019-05-04,Cruz Azul,Morelia,1,1,regular
2019-05-04,León,Pachuca,2,1,regular
2019-05-04,Tigres,Chivas,2,1,regular
2019-05-04,Necaxa,Querétaro,1,0,regular
2019-05-04,Tijuana,Puebla,4,0,regular
2019-05-05,Toluca,Lobos BUAP,4,0,regular
2019-05-05,Atlas,Monterrey,2,0,regular
2019-05-05,Santos,Pumas,5,2,regular
2019-05-08,Pachuca,Tigres,1,1,liguilla
2019-05-08,Tijuana,León,1,3,liguilla
2019-05-09,Necaxa,Monterrey,1,0,liguilla
2019-05-09,América,Cruz Azul,3,1,liguilla
2019-05-11,Tigres,Pachuca,1,1,liguilla
2019-05-11,León,Tijuana,2,1,liguilla
2019-05-12,Cruz Azul,América,1,0,liguilla
2019-05-12,Monterrey,Necaxa,1,0,liguilla
2019-05-15,Monterrey,Tigres,1,0,liguilla
2019-05-16,América,León,0,1,liguilla
2019-05-18,Tigres,Monterrey,1,0,liguilla
2019-05-19,León,América,0,1,liguilla
2019-05-23,Tigres,León,1,0,liguilla
2019-05-26,León,Tigres,0,0,liguilla
2019-07-19,Puebla,Tijuana,1,3,regular
2019-07-19,Atlas,Juárez,1,0,regular
2019-07-20,Atlético San Luis,Pumas,0,2,regular
2019-07-20,Pachuca,León,1,3,regular
2019-07-20,América,Monterrey,4,2,regular
2019-07-20,Tigres,Morelia,4,2,regular
2019-07-20,Necaxa,Cruz Azul,0,0,regular
2019-07-21,Toluca,Querétaro,0,2,regular
2019-07-21,Santos,Chivas,3,0,regular
2019-07-26,Morelia,Atlas,0,1,regular
2019-07-26,Veracruz,Pachuca,3,3,regular
2019-07-27,León,América,0,0,regular
2019-07-27,Cruz Azul,Toluca,1,1,regular
2019-07-27,Tijuana,Querétaro,1,1,regular
2019-07-28,Pumas,Necaxa,2,0,regular
2019-07-28,Atlético San Luis,Monterrey,1,0,regular
2019-07-28,Santos,Juárez,3,0,regular
2019-07-28,Chivas,Tigres,2,0,regular
2019-08-02,Puebla,Chivas,1,1,regular
2019-08-02,Atlas,Santos,1,2,regular
2019-08-03,Querétaro,Cruz Azul,3,0,regular
2019-08-03,América,Tijuana,3,1,regular
2019-08-03,Pachuca,Morelia,1,2,regular
2019-08-03,Necaxa,Veracruz,7,0,regular
2019-08-03,Monterrey,León,3,2,regular
2019-08-04,Pumas,Tigres,0,1,regular
2019-08-04,Juárez,Toluca,2,0,regular
2019-08-09,Morelia,Monterrey,0,1,regular
2019-08-09,Veracruz,Atlas,1,2,regular
2019-08-09,Tijuana,Pumas,1,0,regular
2019-08-10,Querétaro,Pachuca,2,1,regular
2019-08-10,Cruz Azul,Juárez,2,0,regular
2019-08-10,Tigres,Necaxa,3,1,regular
2019-08-10,Chivas,Atlético San Luis,3,0,regular
2019-08-11,Toluca,América,0,1,regular
2019-08-11,Santos,Puebla,4,1,regular
2019-08-16,Puebla,Pachuca,0,4,regular
2019-08-16,Atlas,Cruz Azul,1,3,regular
2019-08-17,Atlético San Luis,Tigres,1,1,regular
2019-08-17,León,Chivas,4,3,regular
2019-08-17,América,Morelia,1,0,regular
2019-08-17,Monterrey,Toluca,2,0,regular
2019-08-18,Pumas,Veracruz,2,0,regular
2019-08-18,Necaxa,Santos,3,0,regular
2019-08-18,Juárez,Querétaro,0,2,regular
2019-08-23,Veracruz,Atlético San Luis,1,2,regular
2019-08-23,Morelia,Pumas,2,0,regular
2019-08-23,Santos,Monterrey,2,1,regular
2019-08-24,Querétaro,León,0,4,regular
2019-08-24,Pachuca,Atlas,3,1,regular
2019-08-24,Cruz Azul,Puebla,1,1,regular
2019-08-24,Tigres,América,1,1,regular
2019-08-25,Toluca,Tijuana,2,0,regular
2019-08-25,Chivas,Necaxa,1,2,regular
2019-08-27,Veracruz,Querétaro,0,5,regular
2019-08-27,Atlético San Luis,Morelia,1,1,regular
2019-08-27,Atlas,Tigres,1,1,regular
2019-08-27,América,Pachuca,1,1,regular
2019-08-28,León,Santos,2,2,regular
2019-08-28,Necaxa,Toluca,1,1,regular
2019-08-28,Tijuana,Cruz Azul,3,2,regular
2019-08-29,Puebla,Juárez,2,1,regular
2019-08-29,Monterrey,Pumas,2,0,regular
2019-08-30,Morelia,Veracruz,1,0,regular
2019-08-30,Atlas,América,3,0,regular
2019-08-31,Necaxa,Tijuana,3,2,regular
2019-08-31,Tigres,León,1,1,regular
2019-08-31,Pachuca,Atlético San Luis,0,2,regular
2019-08-31,Cruz Azul,Chivas,1,1,regular
2019-09-01,Pumas,Toluca,2,1,regular
2019-09-01,Querétaro,Puebla,1,1,regular
2019-09-01,Juárez,Monterrey,1,0,regular
2019-09-13,Puebla,Atlético San Luis,1,3,regular
2019-09-13,Veracruz,Cruz Azul,0,0,regular
2019-09-13,Tijuana,Tigres,1,1,regular
2019-09-14,Monterrey,Necaxa,0,2,regular
2019-09-14,León,Juárez,3,1,regular
2019-09-14,Chivas,Atlas,1,0,regular
2019-09-14,América,Pumas,1,1,regular
2019-09-15,Toluca,Morelia,0,2,regular
2019-09-15,Santos,Pachuca,2,2,regular
2019-09-20,Morelia,Chivas,1,0,regular
2019-09-20,Atlas,Toluca,0,1,regular
2019-09-21,Atlético San Luis,Santos,2,3,regular
2019-09-21,Necaxa,León,2,4,regular
2019-09-21,Monterrey,Puebla,3,2,regular
2019-09-21,Pachuca,Tijuana,4,1,regular
2019-09-21,América,Querétaro,2,2,regular
2019-09-22,Pumas,Cruz Azul,1,1,regular
2019-09-22,Juárez,Veracruz,2,0,regular
2019-09-24,Querétaro,Necaxa,1,2,regular
2019-09-24,Tigres,Puebla,0,1,regular
2019-09-24,Chivas,Pachuca,2,4,regular
2019-09-24,León,Atlas,1,1,regular
2019-09-25,Juárez,América,1,1,regular
2019-09-25,Santos,Veracruz,5,0,regular
2019-09-25,Cruz Azul,Monterrey,1,1,regular
2019-09-25,Tijuana,Morelia,3,2,regular
2019-09-26,Toluca,Atlético San Luis,3,1,regular
2019-09-27,Puebla,León,2,1,regular
2019-09-27,Atlas,Querétaro,2,0,regular
2019-09-28,Pachuca,Cruz Azul,2,0,regular
2019-09-28,Necaxa,Juárez,0,0,regular
2019-09-28,Monterrey,Tigres,0,2,regular
2019-09-28,América,Chivas,4,1,regular
2019-09-29,Pumas,Santos,2,0,regular
2019-09-29,Atlético San Luis,Tijuana,2,3,regular
2019-09-29,Veracruz,Toluca,1,1,regular
2019-10-04,Morelia,Necaxa,2,3,regular
2019-10-05,León,Veracruz,1,1,regular
2019-10-05,Cruz Azul,América,5,2,regular
2019-10-05,Tigres,Santos,4,0,regular
2019-10-05,Chivas,Pumas,1,1,regular
2019-10-05,Tijuana,Atlas,2,2,regular
2019-10-06,Toluca,Puebla,1,1,regular
2019-10-06,Juárez,Atlético San Luis,1,2,regular
2019-10-06,Querétaro,Monterrey,2,1,regular
2019-10-18,Puebla,Atlas,0,1,regular
2019-10-18,Veracruz,Tigres,1,3,regular
2019-10-18,Santos,Tijuana,4,1,regular
2019-10-19,Cruz Azul,Morelia,2,3,regular
2019-10-19,Pachuca,Juárez,0,1,regular
2019-10-19,Necaxa,América,2,2,regular
2019-10-20,Pumas,León,1,2,regular
2019-10-20,Atlético San Luis,Querétaro,0,2,regular
2019-10-20,Monterrey,Chivas,1,1,regular
2019-10-25,Morelia,Santos,2,2,regular
2019-10-25,Tijuana,Veracruz,2,0,regular
2019-10-25,Atlas,Necaxa,0,2,regular
2019-10-26,Querétaro,Pumas,3,0,regular
2019-10-26,América,Puebla,2,0,regular
2019-10-26,León,Atlético San Luis,3,2,regular
2019-10-26,Tigres,Cruz Azul,1,1,regular
2019-10-27,Toluca,Pachuca,2,0,regular
2019-10-27,Juárez,Chivas,1,2,regular
2019-10-29,Santos,Querétaro,1,0,regular
2019-10-29,Veracruz,Puebla,1,0,regular
2019-10-29,Atlético San Luis,América,0,1,regular
2019-10-29,Pumas,Atlas,5,1,regular
2019-10-30,Pachuca,Monterrey,2,3,regular
2019-10-30,Chivas,Tijuana,0,1,regular
2019-10-30,Tigres,Toluca,1,0,regular
2019-10-31,Morelia,Juárez,6,1,regular
2019-10-31,Cruz Azul,León,1,0,regular
2019-11-01,Puebla,Pumas,1,1,regular
2019-11-01,Atlas,Atlético San Luis,1,2,regular
2019-11-02,Querétaro,Tigres,0,0,regular
2019-11-02,América,Santos,1,2,regular
2019-11-02,Monterrey,Veracruz,1,1,regular
2019-11-02,Necaxa,Pachuca,1,2,regular
2019-11-03,Toluca,Chivas,1,3,regular
2019-11-03,Juárez,Tijuana,3,0,regular
2019-11-03,León,Morelia,1,1,regular
2019-11-08,Morelia,Puebla,3,2,regular
2019-11-08,Veracruz,América,0,5,regular
2019-11-08,Tijuana,Monterrey,0,4,regular
2019-11-09,Atlético San Luis,Necaxa,0,2,regular
2019-11-09,Tigres,Pachuca,0,0,regular
2019-11-09,Chivas,Querétaro,3,2,regular
2019-11-09,León,Toluca,4,0,regular
2019-11-10,Pumas,Juárez,1,1,regular
2019-11-10,Santos,Cruz Azul,3,1,regular
2019-11-22,Puebla,Necaxa,3,0,regular
2019-11-22,Tijuana,León,1,2,regular
2019-11-23,Querétaro,Morelia,3,1,regular
2019-11-23,Cruz Azul,Atlético San Luis,3,1,regular
2019-11-23,Monterrey,Atlas,2,0,regular
2019-11-23,Pachuca,Pumas,2,0,regular
2019-11-23,Chivas,Veracruz,3,1,regular
2019-11-24,Toluca,Santos,2,2,regular
2019-11-24,Juárez,Tigres,1,2,regular
2019-11-27,Morelia,León,3,3,liguilla
2019-11-27,Necaxa,Querétaro,3,0,liguilla
2019-11-28,Monterrey,Santos,5,2,liguilla
2019-11-28,América,Tigres,1,2,liguilla
2019-11-30,León,Morelia,1,2,liguilla
2019-11-30,Querétaro,Necaxa,2,3,liguilla
2019-12-01,Santos,Monterrey,1,1,liguilla
2019-12-01,Tigres,América,2,4,liguilla
2019-12-04,Monterrey,Necaxa,2,1,liguilla
2019-12-07,Necaxa,Monterrey,0,1,liguilla
2019-12-08,Morelia,América,0,2,liguilla
2019-12-08,América,Morelia,2,0,liguilla
2019-12-26,Monterrey,América,2,1,liguilla
2019-12-29,América,Monterrey,2,1,liguilla
2020-01-10,Morelia,Toluca,0,1,regular
2020-01-10,Tijuana,Santos,2,1,regular
2020-01-11,Cruz Azul,Atlas,1,2,regular
2020-01-11,Chivas,Juárez,2,0,regular
2020-01-11,León,Querétaro,3,1,regular
2020-01-11,Tigres,Atlético San Luis,0,0,regular
2020-01-12,Pumas,Pachuca,2,1,regular
2020-01-16,Juárez,Pumas,4,4,regular
2020-01-17,Atlético San Luis,Cruz Azul,2,1,regular
2020-01-17,Atlas,Puebla,0,1,regular
2020-01-18,Monterrey,Morelia,2,2,regular
2020-01-18,Pachuca,Chivas,0,0,regular
2020-01-18,América,Tigres,1,0,regular
2020-01-19,Toluca,Necaxa,2,3,regular
2020-01-19,Querétaro,Tijuana,3,0,regular
2020-01-19,Santos,León,3,2,regular
2020-01-24,Puebla,Querétaro,0,1,regular
2020-01-24,Tijuana,América,0,0,regular
2020-01-25,Cruz Azul,Santos,3,0,regular
2020-01-25,Tigres,Atlas,2,1,regular
2020-01-25,León,Pachuca,3,0,regular
2020-01-25,Chivas,Toluca,2,2,regular
2020-01-26,Pumas,Monterrey,1,0,regular
2020-01-26,Necaxa,Atlético San Luis,1,1,regular
2020-01-26,Juárez,Morelia,3,0,regular
2020-01-31,Atlético San Luis,Chivas,2,2,regular
2020-01-31,Atlas,Tijuana,2,1,regular
2020-02-01,Morelia,León,1,2,regular
2020-02-01,Monterrey,Querétaro,1,2,regular
2020-02-01,Necaxa,Puebla,2,0,regular
2020-02-01,Pachuca,Tigres,2,0,regular
2020-02-01,América,Juárez,1,3,regular
2020-02-01,Santos,Pumas,1,1,regular
2020-02-02,Toluca,Cruz Azul,3,3,regular
2020-02-04,Puebla,América,0,1,regular
2020-02-05,Necaxa,Monterrey,2,2,regular
2020-02-06,Atlas,Morelia,1,3,regular
2020-02-07,Puebla,Santos,2,2,regular
2020-02-07,Tijuana,Toluca,1,1,regular
2020-02-08,Cruz Azul,Pachuca,3,1,regular
2020-02-08,Tigres,Chivas,3,0,regular
2020-02-08,León,Monterrey,3,1,regular
2020-02-09,Pumas,Atlético San Luis,4,0,regular
2020-02-09,Querétaro,América,1,2,regular
2020-02-09,Juárez,Necaxa,2,1,regular
2020-02-14,Atlético San Luis,León,3,1,regular
2020-02-14,Morelia,Tijuana,1,1,regular
2020-02-15,Pachuca,Puebla,1,0,regular
2020-02-15,Toluca,Pumas,2,3,regular
2020-02-15,América,Atlas,2,0,regular
2020-02-15,Monterrey,Juárez,1,1,regular
2020-02-15,Chivas,Cruz Azul,1,2,regular
2020-02-16,Necaxa,Querétaro,2,3,regular
2020-02-16,Santos,Tigres,2,1,regular
2020-02-21,Atlas,Pachuca,0,2,regular
2020-02-21,Puebla,Toluca,2,0,regular
2020-02-21,Tijuana,Chivas,0,1,regular
2020-02-22,León,Necaxa,2,1,regular
2020-02-22,Cruz Azul,Tigres,2,1,regular
2020-02-22,Monterrey,América,0,1,regular
2020-02-23,Pumas,Morelia,1,2,regular
2020-02-23,Querétaro,Atlético San Luis,0,1,regular
2020-02-23,Juárez,Santos,1,2,regular
2020-02-28,Atlético San Luis,Juárez,0,3,regular
2020-02-28,Toluca,Monterrey,2,0,regular
2020-02-28,Morelia,Cruz Azul,2,4,regular
2020-02-28,Tijuana,Puebla,0,1,regular
2020-02-29,Pachuca,Querétaro,1,1,regular
2020-02-29,América,Necaxa,0,3,regular
2020-02-29,Tigres,Pumas,3,0,regular
2020-03-01,Chivas,León,2,0,regular
2020-03-01,Santos,Atlas,1,0,regular
2020-03-06,Querétaro,Toluca,1,1,regular
2020-03-06,Pumas,América,3,3,regular
2020-03-06,Puebla,Tigres,0,0,regular
2020-03-07,Monterrey,Atlético San Luis,2,2,regular
2020-03-07,Cruz Azul,Tijuana,4,2,regular
2020-03-07,Pachuca,Santos,1,0,regular
2020-03-07,Atlas,Chivas,1,2,regular
2020-03-08,Necaxa,Morelia,1,2,regular
2020-03-08,Juárez,León,1,4,regular
2020-03-13,Morelia,Querétaro,4,0,regular
2020-03-13,Tijuana,Pachuca,3,2,regular
2020-03-14,Atlético San Luis,Puebla,0,1,regular
2020-03-14,Tigres,Juárez,3,2,regular
2020-03-14,León,Pumas,3,1,regular
2020-03-14,Chivas,Monterrey,1,1,regular
2020-03-15,Toluca,Atlas,2,3,regular
2020-03-15,Santos,Necaxa,2,1,regular
2020-03-15,América,Cruz Azul,0,1,regular
2020-07-24,Necaxa,Tigres,0,3,regular
2020-07-25,Chivas,León,0,0,regular
2020-07-25,Tijuana,Atlas,3,1,regular
2020-07-25,Cruz Azul,Santos,2,0,regular
2020-07-26,Pumas,Querétaro,3,2,regular
2020-07-27,Atlético San Luis,Juárez,1,1,regular
2020-07-27,Pachuca,América,1,2,regular
2020-07-27,Mazatlán,Puebla,1,4,regular
2020-07-28,Monterrey,Toluca,3,1,regular
2020-07-31,Puebla,Cruz Azul,1,1,regular
2020-07-31,Juárez,Necaxa,1,0,regular
2020-08-01,Tigres,Pachuca,1,1,regular
2020-08-01,América,Tijuana,4,0,regular
2020-08-02,Toluca,Atlético San Luis,3,2,regular
2020-08-02,Querétaro,Mazatlán,1,1,regular
2020-08-02,Santos,Chivas,2,0,regular
2020-08-03,Atlas,Pumas,1,2,regular
2020-08-03,León,Monterrey,1,0,regular
2020-08-06,Pachuca,Querétaro,1,0,regular
2020-08-06,Tijuana,Tigres,0,0,regular
2020-08-07,Necaxa,América,1,1,regular
2020-08-07,Mazatlán,Toluca,2,1,regular
2020-08-08,Cruz Azul,León,2,0,regular
2020-08-08,Monterrey,Santos,2,2,regular
2020-08-08,Chivas,Puebla,0,1,regular
2020-08-09,Pumas,Juárez,1,1,regular
2020-08-09,Atlético San Luis,Atlas,1,1,regular
2020-08-11,Necaxa,Mazatlán,1,0,regular
2020-08-11,Pachuca,León,0,1,regular
2020-08-11,Tigres,Puebla,2,1,regular
2020-08-12,Querétaro,Cruz Azul,1,0,regular
2020-08-12,Juárez,Chivas,0,2,regular
2020-08-12,Pumas,Monterrey,1,1,regular
2020-08-12,Tijuana,Atlético San Luis,0,2,regular
2020-08-13,Atlas,Toluca,1,2,regular
2020-08-13,América,Santos,3,1,regular
2020-08-14,Puebla,Pachuca,0,1,regular
2020-08-15,Chivas,Atlético San Luis,2,1,regular
2020-08-15,Cruz Azul,Juárez,3,2,regular
2020-08-15,Mazatlán,Pumas,0,0,regular
2020-08-15,Monterrey,Necaxa,1,1,regular
2020-08-16,Toluca,Tigres,3,2,regular
2020-08-16,Santos,Atlas,0,0,regular
2020-08-16,Querétaro,América,4,1,regular
2020-08-17,León,Tijuana,2,1,regular
2020-08-21,Necaxa,Santos,2,1,regular
2020-08-21,Juárez,León,0,0,regular
2020-08-22,Atlas,Querétaro,1,0,regular
2020-08-22,Tigres,Pumas,1,1,regular
2020-08-22,América,Monterrey,1,3,regular
2020-08-23,Toluca,Chivas,1,0,regular
2020-08-23,Atlético San Luis,Cruz Azul,1,3,regular
2020-08-23,Tijuana,Puebla,1,0,regular
2020-08-24,Pachuca,Mazatlán,4,3,regular
2020-08-28,Puebla,Toluca,4,1,regular
2020-08-28,Mazatlán,Tigres,1,1,regular
2020-08-29,Atlético San Luis,América,1,2,regular
2020-08-29,Chivas,Pachuca,0,0,regular
2020-08-29,Cruz Azul,Necaxa,3,0,regular
2020-08-30,Pumas,Tijuana,3,0,regular
2020-08-30,Santos,Querétaro,2,1,regular
2020-08-30,Monterrey,Juárez,2,1,regular
2020-08-31,León,Atlas,2,1,regular
2020-09-02,América,Mazatlán,3,1,regular
2020-09-03,Querétaro,Toluca,4,1,regular
2020-09-03,Pachuca,Atlético San Luis,3,1,regular
2020-09-04,Necaxa,León,0,2,regular
2020-09-04,Tijuana,Monterrey,2,1,regular
2020-09-04,Juárez,Santos,1,1,regular
2020-09-05,Pumas,Puebla,4,1,regular
2020-09-05,Atlas,Cruz Azul,1,0,regular
2020-09-05,Tigres,Chivas,1,3,regular
2020-09-08,Atlético San Luis,Necaxa,2,1,regular
2020-09-08,Toluca,Juárez,0,1,regular
2020-09-08,Monterrey,Atlas,1,1,regular
2020-09-08,Chivas,Querétaro,1,1,regular
2020-09-08,Puebla,América,2,3,regular
2020-09-09,León,Tigres,1,1,regular
2020-09-09,Cruz Azul,Pachuca,1,0,regular
2020-09-09,Mazatlán,Tijuana,1,0,regular
2020-09-09,Santos,Pumas,1,2,regular
2020-09-11,Necaxa,Chivas,1,2,regular
2020-09-11,Juárez,Puebla,1,0,regular
2020-09-12,Atlas,Mazatlán,1,1,regular
2020-09-12,Tigres,Santos,2,0,regular
2020-09-12,América,Toluca,1,1,regular
2020-09-13,Pumas,Atlético San Luis,3,0,regular
2020-09-13,Querétaro,León,2,3,regular
2020-09-13,Tijuana,Cruz Azul,1,2,regular
2020-09-14,Pachuca,Monterrey,1,1,regular
2020-09-18,Necaxa,Puebla,0,1,regular
2020-09-18,Mazatlán,Cruz Azul,2,3,regular
2020-09-19,Atlas,Pachuca,0,1,regular
2020-09-19,Tigres,Querétaro,3,0,regular
2020-09-19,América,Chivas,1,0,regular
2020-09-20,Toluca,Santos,1,2,regular
2020-09-20,Atlético San Luis,Monterrey,1,2,regular
2020-09-21,León,Pumas,2,0,regular
2020-09-24,Pachuca,Toluca,0,0,regular
2020-09-25,Puebla,Querétaro,3,3,regular
2020-09-25,Juárez,Atlas,0,1,regular
2020-09-26,Chivas,Mazatlán,2,1,regular
2020-09-26,Pumas,Necaxa,1,1,regular
2020-09-26,Monterrey,Tigres,0,2,regular
2020-09-27,Atlético San Luis,León,0,2,regular
2020-09-27,Cruz Azul,América,0,0,regular
2020-09-30,Tijuana,Juárez,2,1,regular
2020-10-02,Puebla,Santos,0,2,regular
2020-10-02,León,Mazatlán,2,1,regular
2020-10-03,Atlas,Necaxa,0,1,regular
2020-10-03,Tigres,Atlético San Luis,3,0,regular
2020-10-03,América,Pumas,2,2,regular
2020-10-04,Toluca,Cruz Azul,2,0,regular
2020-10-04,Juárez,Pachuca,1,1,regular
2020-10-04,Querétaro,Monterrey,1,2,regular
2020-10-04,Tijuana,Chivas,0,0,regular
2020-10-11,Santos,Tijuana,2,0,regular
2020-10-15,Atlético San Luis,Querétaro,2,1,regular
2020-10-16,Necaxa,Tijuana,2,0,regular
2020-10-16,Mazatlán,Juárez,3,2,regular
2020-10-17,Monterrey,Puebla,3,1,regular
2020-10-17,Chivas,Atlas,3,2,regular
2020-10-17,Cruz Azul,Tigres,0,2,regular
2020-10-18,Pumas,Toluca,1,0,regular
2020-10-18,Santos,Pachuca,1,1,regular
2020-10-19,León,América,3,2,regular
2020-10-23,Puebla,León,1,2,regular
2020-10-24,Querétaro,Necaxa,0,1,regular
2020-10-24,Tigres,Juárez,1,1,regular
2020-10-24,Mazatlán,Monterrey,1,2,regular
2020-10-24,América,Atlas,1,0,regular
2020-10-25,Toluca,Tijuana,2,0,regular
2020-10-25,Chivas,Cruz Azul,0,2,regular
2020-10-25,Santos,Atlético San Luis,2,1,regular
2020-10-26,Pachuca,Pumas,1,1,regular
2020-10-29,Atlético San Luis,Mazatlán,0,5,regular
2020-10-30,Necaxa,Toluca,3,2,regular
2020-10-30,Tijuana,Pachuca,0,2,regular
2020-10-30,Juárez,Querétaro,1,0,regular
2020-10-31,Atlas,Puebla,0,1,regular
2020-10-31,Pumas,Chivas,2,2,regular
2020-10-31,Monterrey,Cruz Azul,1,0,regular
2020-11-01,América,Tigres,3,1,regular
2020-11-02,León,Santos,2,1,regular
2020-11-06,Puebla,Atlético San Luis,1,0,regular
2020-11-06,Juárez,América,1,1,regular
2020-11-07,Chivas,Monterrey,3,1,regular
2020-11-07,Pachuca,Necaxa,0,1,regular
2020-11-07,Tigres,Atlas,1,1,regular
2020-11-07,Cruz Azul,Pumas,1,2,regular
2020-11-08,Toluca,León,2,2,regular
2020-11-08,Santos,Mazatlán,4,0,regular
2020-11-08,Querétaro,Tijuana,2,2,regular
2020-11-21,Santos,Pachuca,0,3,liguilla
2020-11-21,Chivas,Necaxa,1,0,liguilla
2020-11-22,Tigres,Toluca,2,1,liguilla
2020-11-22,Monterrey,Puebla,2,4,liguilla
2020-11-25,Puebla,León,2,1,liguilla
2020-11-25,Chivas,América,1,0,liguilla
2020-11-26,Tigres,Cruz Azul,1,3,liguilla
2020-11-26,Pachuca,Pumas,0,1,liguilla
2020-11-28,León,Puebla,2,0,liguilla
2020-11-28,América,Chivas,1,2,liguilla
2020-11-29,Pumas,Pachuca,0,0,liguilla
2020-11-29,Cruz Azul,Tigres,0,1,liguilla
2020-12-02,Chivas,León,1,1,liguilla
2020-12-03,Cruz Azul,Pumas,4,0,liguilla
2020-12-05,León,Chivas,1,0,liguilla
2020-12-06,Pumas,Cruz Azul,4,0,liguilla
2020-12-10,Pumas,León,1,1,liguilla
2020-12-13,León,Pumas,2,0,liguilla
2021-01-08,Puebla,Chivas,1,1,regular
2021-01-08,Tijuana,Pumas,0,0,regular
2021-01-08,Mazatlán,Necaxa,3,2,regular
2021-01-09,Atlas,Monterrey,0,2,regular
2021-01-09,Tigres,León,2,0,regular
2021-01-09,América,Atlético San Luis,2,1,regular
2021-01-10,Toluca,Querétaro,3,1,regular
2021-01-10,Santos,Cruz Azul,1,0,regular
2021-01-11,Pachuca,Juárez,1,1,regular
2021-01-15,Necaxa,Atlético San Luis,1,0,regular
2021-01-15,Juárez,Tijuana,0,0,regular
2021-01-16,Chivas,Toluca,1,1,regular
2021-01-16,Cruz Azul,Puebla,0,1,regular
2021-01-16,Monterrey,América,1,0,regular
2021-01-17,Pumas,Mazatlán,3,0,regular
2021-01-17,Santos,Tigres,2,0,regular
2021-01-17,Querétaro,Atlas,1,0,regular
2021-01-18,León,Pachuca,0,0,regular
2021-01-21,Atlético San Luis,Chivas,3,1,regular
2021-01-22,Puebla,Tijuana,0,1,regular
2021-01-22,Mazatlán,Santos,0,0,regular
2021-01-23,Atlas,Tigres,0,2,regular
2021-01-24,Toluca,Necaxa,2,0,regular
2021-01-24,Querétaro,Pumas,2,0,regular
2021-01-25,Pachuca,Cruz Azul,0,1,regular
2021-01-26,América,Juárez,2,0,regular
2021-01-28,Tigres,Necaxa,1,1,regular
2021-01-29,Mazatlán,Pachuca,1,0,regular
2021-01-30,Chivas,Juárez,1,2,regular
2021-01-30,Cruz Azul,Querétaro,4,1,regular
2021-01-30,Tijuana,Toluca,3,2,regular
2021-01-31,Pumas,Atlas,0,0,regular
2021-01-31,Santos,América,1,1,regular
2021-02-01,León,Atlético San Luis,3,1,regular
2021-02-02,Puebla,Monterrey,0,0,regular
2021-02-04,Atlético San Luis,Tijuana,2,2,regular
2021-02-04,Querétaro,Pachuca,3,1,regular
2021-02-05,Necaxa,Cruz Azul,0,2,regular
2021-02-06,Atlas,Santos,1,1,regular
2021-02-06,América,Puebla,1,0,regular
2021-02-06,Monterrey,Pumas,1,0,regular
2021-02-07,Toluca,Mazatlán,4,1,regular
2021-02-08,León,Chivas,1,3,regular
2021-02-12,Puebla,Juárez,4,0,regular
2021-02-12,Tijuana,León,2,0,regular
2021-02-12,Mazatlán,Atlético San Luis,0,3,regular
2021-02-13,Chivas,Necaxa,2,2,regular
2021-02-13,América,Querétaro,2,1,regular
2021-02-14,Toluca,Pumas,1,0,regular
2021-02-14,Santos,Monterrey,1,0,regular
2021-02-15,Pachuca,Atlas,0,1,regular
2021-02-17,Tigres,Cruz Azul,0,2,regular
2021-02-18,Atlético San Luis,Santos,1,0,regular
2021-02-19,Necaxa,Monterrey,1,1,regular
2021-02-19,Juárez,Mazatlán,1,0,regular
2021-02-20,Cruz Azul,Toluca,3,2,regular
2021-02-20,Atlas,América,3,0,regular
2021-02-21,Pumas,León,0,1,regular
2021-02-21,Querétaro,Puebla,1,1,regular
2021-02-21,Tigres,Tijuana,3,2,regular
2021-02-22,Pachuca,Chivas,1,1,regular
2021-02-25,Atlético San Luis,Tigres,2,2,regular
2021-02-26,Puebla,Necaxa,1,0,regular
2021-02-26,Mazatlán,Querétaro,3,0,regular
2021-02-27,Toluca,Atlas,0,0,regular
2021-02-27,América,Pachuca,2,0,regular
2021-02-27,León,Cruz Azul,0,1,regular
2021-02-28,Monterrey,Tijuana,1,1,regular
2021-02-28,Santos,Juárez,3,2,regular
2021-02-28,Chivas,Pumas,2,1,regular
2021-03-02,Atlas,Atlético San Luis,3,1,regular
2021-03-02,Tigres,Toluca,0,1,regular
2021-03-02,León,Puebla,1,2,regular
2021-03-03,Juárez,Monterrey,1,6,regular
2021-03-03,Querétaro,Chivas,2,2,regular
2021-03-03,Cruz Azul,Mazatlán,1,0,regular
2021-03-03,Tijuana,América,0,2,regular
2021-03-04,Necaxa,Pachuca,2,2,regular
2021-03-04,Pumas,Santos,1,0,regular
2021-03-05,Atlético San Luis,Toluca,0,0,regular
2021-03-05,Puebla,Tigres,1,1,regular
2021-03-06,Atlas,Juárez,2,0,regular
2021-03-06,América,León,2,1,regular
2021-03-06,Monterrey,Querétaro,2,1,regular
2021-03-06,Mazatlán,Chivas,1,1,regular
2021-03-07,Santos,Necaxa,3,1,regular
2021-03-07,Pumas,Cruz Azul,0,1,regular
2021-03-08,Pachuca,Tijuana,2,1,regular
2021-03-10,Monterrey,León,1,1,regular
2021-03-12,Puebla,Atlas,0,1,regular
2021-03-12,Juárez,Pumas,1,1,regular
2021-03-13,Tigres,Mazatlán,1,2,regular
2021-03-13,Cruz Azul,Monterrey,1,0,regular
2021-03-13,Tijuana,Santos,0,1,regular
2021-03-14,Toluca,Pachuca,0,2,regular
2021-03-14,Querétaro,Atlético San Luis,2,1,regular
2021-03-14,Chivas,América,0,3,regular
2021-03-15,León,Necaxa,3,1,regular
2021-03-18,Pachuca,Tigres,1,0,regular
2021-03-19,Necaxa,Juárez,1,0,regular
2021-03-19,Mazatlán,América,0,1,regular
2021-03-20,Atlético San Luis,Pumas,0,1,regular
2021-03-20,Cruz Azul,Atlas,3,2,regular
2021-03-20,Tijuana,Querétaro,3,1,regular
2021-03-21,Toluca,Puebla,4,4,regular
2021-03-21,Santos,León,1,2,regular
2021-04-02,Puebla,Mazatlán,3,1,regular
2021-04-02,Juárez,Cruz Azul,0,1,regular
2021-04-03,Atlas,Tijuana,1,0,regular
2021-04-03,América,Necaxa,2,1,regular
2021-04-03,Monterrey,Atlético San Luis,2,0,regular
2021-04-04,Pumas,Pachuca,2,2,regular
2021-04-04,Chivas,Santos,1,1,regular
2021-04-04,Querétaro,Tigres,0,1,regular
2021-04-04,León,Toluca,2,1,regular
2021-04-09,Necaxa,Pumas,0,1,regular
2021-04-09,Juárez,Atlético San Luis,2,1,regular
2021-04-10,Atlas,León,1,3,regular
2021-04-10,Cruz Azul,Chivas,1,0,regular
2021-04-10,Tigres,América,1,3,regular
2021-04-11,Toluca,Monterrey,1,2,regular
2021-04-11,Querétaro,Santos,1,0,regular
2021-04-11,Tijuana,Mazatlán,2,3,regular
2021-04-12,Pachuca,Puebla,1,3,regular
2021-04-14,Juárez,Tigres,2,3,regular
2021-04-16,Necaxa,Querétaro,0,0,regular
2021-04-16,Mazatlán,Atlas,0,0,regular
2021-04-17,Atlético San Luis,Puebla,1,4,regular
2021-04-17,Chivas,Tijuana,2,0,regular
2021-04-17,América,Cruz Azul,1,1,regular
2021-04-18,Pumas,Tigres,0,0,regular
2021-04-18,Santos,Toluca,3,1,regular
2021-04-18,Monterrey,Pachuca,0,1,regular
2021-04-19,León,Juárez,2,0,regular
2021-04-21,Monterrey,Chivas,1,2,regular
2021-04-23,Puebla,Pumas,0,0,regular
2021-04-23,Tijuana,Necaxa,1,0,regular
2021-04-23,Mazatlán,León,4,3,regular
2021-04-24,Cruz Azul,Atlético San Luis,3,2,regular
2021-04-24,Atlas,Chivas,0,1,regular
2021-04-24,Tigres,Monterrey,2,1,regular
2021-04-25,Toluca,América,3,1,regular
2021-04-25,Querétaro,Juárez,1,0,regular
2021-04-26,Pachuca,Santos,1,0,regular
2021-04-29,Atlético San Luis,Pachuca,1,5,regular
2021-04-30,Necaxa,Atlas,1,5,regular
2021-04-30,Juárez,Toluca,1,0,regular
2021-05-01,Chivas,Tigres,0,0,regular
2021-05-01,León,Querétaro,2,1,regular
2021-05-01,Cruz Azul,Tijuana,1,1,regular
2021-05-01,Monterrey,Mazatlán,1,0,regular
2021-05-02,Santos,Puebla,0,0,regular
2021-05-02,Pumas,América,0,1,regular
2021-05-08,Atlas,Tigres,1,0,liguilla
2021-05-08,Santos,Querétaro,5,0,liguilla
2021-05-09,León,Toluca,2,4,liguilla
2021-05-09,Pachuca,Chivas,4,2,liguilla
2021-05-12,Toluca,Cruz Azul,2,1,liguilla
2021-05-12,Atlas,Puebla,1,0,liguilla
2021-05-13,Pachuca,América,3,1,liguilla
2021-05-13,Santos,Monterrey,2,1,liguilla
2021-05-15,Puebla,Atlas,1,0,liguilla
2021-05-15,Cruz Azul,Toluca,3,1,liguilla
2021-05-16,Monterrey,Santos,1,1,liguilla
2021-05-16,América,Pachuca,4,2,liguilla
2021-05-19,Pachuca,Cruz Azul,0,0,liguilla
2021-05-20,Santos,Puebla,3,0,liguilla
2021-05-22,Cruz Azul,Pachuca,1,0,liguilla
2021-05-23,Puebla,Santos,1,0,liguilla
2021-05-27,Santos,Cruz Azul,0,1,liguilla
2021-05-30,Cruz Azul,Santos,1,1,liguilla
2021-07-22,Querétaro,América,0,0,regular
2021-07-23,Necaxa,Santos,0,3,regular
2021-07-23,Juárez,Toluca,1,3,regular
2021-07-24,Pachuca,León,4,0,regular
2021-07-24,Chivas,Atlético San Luis,1,2,regular
2021-07-25,Pumas,Atlas,0,0,regular
2021-07-25,Monterrey,Puebla,1,1,regular
2021-07-25,Tijuana,Tigres,1,2,regular
2021-07-26,Cruz Azul,Mazatlán,0,2,regular
2021-07-30,Mazatlán,Pachuca,2,1,regular
2021-07-30,Puebla,Chivas,0,2,regular
2021-07-31,León,Tijuana,2,1,regular
2021-07-31,América,Necaxa,2,1,regular
2021-07-31,Monterrey,Pumas,2,0,regular
2021-07-31,Atlas,Juárez,2,0,regular
2021-08-01,Toluca,Tigres,3,1,regular
2021-08-01,Santos,Cruz Azul,1,1,regular
2021-08-02,Atlético San Luis,Querétaro,1,1,regular
2021-08-05,Querétaro,León,0,1,regular
2021-08-06,Mazatlán,Monterrey,1,1,regular
2021-08-06,Necaxa,Cruz Azul,1,2,regular
2021-08-06,Tijuana,Toluca,0,2,regular
2021-08-07,Chivas,Juárez,2,2,regular
2021-08-07,América,Puebla,2,0,regular
2021-08-07,Tigres,Santos,1,1,regular
2021-08-08,Pumas,Atlético San Luis,1,3,regular
2021-08-09,Pachuca,Atlas,0,1,regular
2021-08-12,Atlético San Luis,Necaxa,0,2,regular
2021-08-13,Puebla,Tigres,1,1,regular
2021-08-13,Juárez,Tijuana,1,1,regular
2021-08-14,Pumas,Querétaro,0,0,regular
2021-08-14,León,Mazatlán,3,0,regular
2021-08-14,Cruz Azul,Toluca,4,0,regular
2021-08-14,Monterrey,Pachuca,3,1,regular
2021-08-15,Atlas,América,0,1,regular
2021-08-15,Santos,Chivas,0,0,regular
2021-08-17,Toluca,Mazatlán,2,2,regular
2021-08-17,Tigres,Querétaro,3,0,regular
2021-08-17,Necaxa,Pumas,3,0,regular
2021-08-17,Tijuana,Puebla,1,1,regular
2021-08-18,Cruz Azul,Monterrey,1,1,regular
2021-08-18,Santos,Atlas,1,1,regular
2021-08-18,Chivas,León,0,3,regular
2021-08-18,Juárez,América,1,2,regular
2021-08-20,Mazatlán,Tigres,0,3,regular
2021-08-21,Atlas,Toluca,0,0,regular
2021-08-21,León,Santos,1,1,regular
2021-08-21,Atlético San Luis,Cruz Azul,0,0,regular
2021-08-21,Monterrey,Chivas,0,0,regular
2021-08-22,Pumas,Puebla,2,0,regular
2021-08-22,América,Tijuana,2,0,regular
2021-08-22,Necaxa,Juárez,1,0,regular
2021-08-22,Querétaro,Pachuca,0,2,regular
2021-08-27,Mazatlán,Atlético San Luis,2,2,regular
2021-08-27,Puebla,Querétaro,1,0,regular
2021-08-27,Tijuana,Monterrey,2,2,regular
2021-08-28,Chivas,Necaxa,2,1,regular
2021-08-28,Tigres,Atlas,1,1,regular
2021-08-28,León,América,1,1,regular
2021-08-29,Toluca,Pumas,2,1,regular
2021-08-29,Santos,Juárez,2,0,regular
2021-08-29,Cruz Azul,Pachuca,1,1,regular
2021-09-10,Puebla,Atlético San Luis,2,2,regular
2021-09-10,Juárez,Cruz Azul,2,1,regular
2021-09-10,Tijuana,Santos,2,1,regular
2021-09-11,Atlas,Monterrey,2,1,regular
2021-09-11,Tigres,León,2,2,regular
2021-09-11,América,Mazatlán,2,0,regular
2021-09-12,Pumas,Chivas,0,0,regular
2021-09-12,Querétaro,Necaxa,3,0,regular
2021-09-13,Pachuca,Toluca,1,2,regular
2021-09-16,Atlético San Luis,Tijuana,4,1,regular
2021-09-17,Necaxa,Atlas,0,3,regular
2021-09-18,León,Juárez,0,1,regular
2021-09-18,Toluca,América,3,1,regular
2021-09-18,Mazatlán,Pumas,2,2,regular
2021-09-18,Chivas,Pachuca,1,0,regular
2021-09-19,Cruz Azul,Querétaro,2,0,regular
2021-09-19,Monterrey,Tigres,2,0,regular
2021-09-19,Santos,Puebla,1,1,regular
2021-09-21,Juárez,Atlético San Luis,1,0,regular
2021-09-22,Monterrey,Toluca,2,0,regular
2021-09-23,Pachuca,Necaxa,1,0,regular
2021-09-24,Puebla,Cruz Azul,1,1,regular
2021-09-24,Tijuana,Mazatlán,0,0,regular
2021-09-25,Atlas,León,2,0,regular
2021-09-25,Tigres,Pumas,0,0,regular
2021-09-25,América,Chivas,0,0,regular
2021-09-26,Toluca,Atlético San Luis,1,2,regular
2021-09-26,Santos,Monterrey,1,2,regular
2021-09-28,Necaxa,Tijuana,3,0,regular
2021-09-28,Mazatlán,Juárez,3,1,regular
2021-09-28,Atlas,Puebla,0,1,regular
2021-09-28,Pachuca,América,1,1,regular
2021-09-29,Atlético San Luis,Tigres,0,3,regular
2021-09-29,Querétaro,Chivas,1,0,regular
2021-10-01,Puebla,Pachuca,1,2,regular
2021-10-01,Juárez,Monterrey,3,1,regular
2021-10-02,León,Atlético San Luis,0,0,regular
2021-10-02,Santos,Mazatlán,1,0,regular
2021-10-02,Chivas,Atlas,0,1,regular
2021-10-03,Toluca,Querétaro,1,1,regular
2021-10-03,América,Pumas,2,0,regular
2021-10-03,Tigres,Necaxa,0,0,regular
2021-10-03,Tijuana,Cruz Azul,0,1,regular
2021-10-08,Juárez,Querétaro,0,0,regular
2021-10-14,Querétaro,Tijuana,1,1,regular
2021-10-15,Necaxa,Puebla,0,1,regular
2021-10-15,Mazatlán,Atlas,1,0,regular
2021-10-16,Monterrey,León,0,1,regular
2021-10-16,Atlético San Luis,América,0,1,regular
2021-10-16,Pachuca,Santos,1,1,regular
2021-10-16,Cruz Azul,Tigres,1,1,regular
2021-10-17,Pumas,Juárez,1,0,regular
2021-10-17,Chivas,Toluca,2,0,regular
2021-10-19,Querétaro,Monterrey,1,0,regular
2021-10-19,Puebla,Mazatlán,2,0,regular
2021-10-19,América,Santos,2,1,regular
2021-10-19,Atlas,Cruz Azul,0,0,regular
2021-10-20,León,Pumas,1,2,regular
2021-10-20,Toluca,Necaxa,1,1,regular
2021-10-20,Tigres,Pachuca,3,0,regular
2021-10-20,Tijuana,Chivas,0,0,regular
2021-10-22,Mazatlán,Querétaro,2,1,regular
2021-10-23,Puebla,León,0,1,regular
2021-10-23,Monterrey,Necaxa,0,1,regular
2021-10-23,América,Tigres,1,0,regular
2021-10-23,Chivas,Cruz Azul,1,1,regular
2021-10-24,Pumas,Tijuana,3,1,regular
2021-10-24,Atlético San Luis,Atlas,2,6,regular
2021-10-24,Santos,Toluca,2,2,regular
2021-10-24,Pachuca,Juárez,1,1,regular
2021-10-28,Atlas,Tijuana,0,2,regular
2021-10-29,Necaxa,Mazatlán,2,1,regular
2021-10-29,Juárez,Puebla,0,2,regular
2021-10-30,Querétaro,Santos,2,3,regular
2021-10-30,Pachuca,Pumas,1,1,regular
2021-10-30,Tigres,Chivas,2,1,regular
2021-10-31,Toluca,León,0,0,regular
2021-10-31,Cruz Azul,América,2,1,regular
2021-10-31,Atlético San Luis,Monterrey,1,1,regular
2021-11-03,Pachuca,Atlético San Luis,0,0,regular
2021-11-03,Cruz Azul,León,0,1,regular
2021-11-04,Pumas,Santos,0,3,regular
2021-11-04,Atlas,Querétaro,2,0,regular
2021-11-05,Puebla,Toluca,1,0,regular
2021-11-05,Mazatlán,Chivas,0,1,regular
2021-11-06,León,Necaxa,3,0,regular
2021-11-06,América,Monterrey,0,0,regular
2021-11-06,Tigres,Juárez,3,0,regular
2021-11-06,Tijuana,Pachuca,3,2,regular
2021-11-07,Pumas,Cruz Azul,4,3,regular
2021-11-07,Santos,Atlético San Luis,0,0,regular
2021-11-20,Santos,Atlético San Luis,2,0,liguilla
2021-11-20,Puebla,Chivas,6,5,liguilla
2021-11-21,Toluca,Pumas,1,2,liguilla
2021-11-21,Cruz Azul,Monterrey,1,4,liguilla
2021-11-24,Pumas,América,0,0,liguilla
2021-11-24,Monterrey,Atlas,0,0,liguilla
2021-11-25,Puebla,León,2,1,liguilla
2021-11-25,Santos,Tigres,2,1,liguilla
2021-11-27,América,Pumas,1,3,liguilla
2021-11-27,Atlas,Monterrey,1,1,liguilla
2021-11-28,Tigres,Santos,1,0,liguilla
2021-11-28,León,Puebla,2,0,liguilla
2021-12-01,Tigres,León,2,1,liguilla
2021-12-02,Pumas,Atlas,0,1,liguilla
2021-12-04,León,Tigres,2,1,liguilla
2021-12-05,Atlas,Pumas,0,1,liguilla
2021-12-09,León,Atlas,3,2,liguilla
2021-12-12,Atlas,León,1,0,liguilla
2022-01-06,Atlético San Luis,Pachuca,0,2,regular
2022-01-07,Juárez,Necaxa,2,1,regular
2022-01-07,Puebla,América,1,1,regular
2022-01-08,Monterrey,Querétaro,0,0,regular
2022-01-08,Cruz Azul,Tijuana,2,0,regular
2022-01-09,Chivas,Mazatlán,3,0,regular
2022-01-10,Pumas,Toluca,5,0,regular
2022-01-12,Santos,Tigres,1,1,regular
2022-01-14,Querétaro,Pumas,1,3,regular
2022-01-14,Necaxa,Monterrey,0,4,regular
2022-01-15,Atlas,Atlético San Luis,1,0,regular
2022-01-15,Tigres,Puebla,0,2,regular
2022-01-15,Cruz Azul,Juárez,1,0,regular
2022-01-15,Tijuana,León,1,1,regular
2022-01-16,Toluca,Santos,3,1,regular
2022-01-16,Pachuca,Chivas,2,1,regular
2022-01-19,León,Atlas,1,1,regular
2022-01-20,Atlético San Luis,Juárez,0,1,regular
2022-01-21,Mazatlán,Toluca,1,2,regular
2022-01-22,Chivas,Querétaro,1,1,regular
2022-01-22,León,Pachuca,2,1,regular
2022-01-22,América,Atlas,0,2,regular
2022-01-22,Monterrey,Cruz Azul,2,2,regular
2022-01-23,Pumas,Tigres,1,2,regular
2022-01-23,Santos,Necaxa,1,4,regular
2022-01-28,Puebla,Tijuana,3,1,regular
2022-02-05,Necaxa,Pachuca,1,3,regular
2022-02-05,América,Atlético San Luis,2,3,regular
2022-02-05,Tijuana,Pumas,1,0,regular
2022-02-06,Querétaro,Puebla,0,2,regular
2022-02-06,Atlas,Santos,2,1,regular
2022-02-06,Tigres,Mazatlán,4,3,regular
2022-02-07,León,Cruz Azul,0,1,regular
2022-02-09,Juárez,Chivas,1,3,regular
2022-02-11,Mazatlán,Tijuana,2,0,regular
2022-02-11,Puebla,Atlas,1,1,regular
2022-02-12,Atlético San Luis,Toluca,0,1,regular
2022-02-12,Chivas,Tigres,1,3,regular
2022-02-12,Cruz Azul,Necaxa,1,2,regular
2022-02-12,Santos,América,2,3,regular
2022-02-13,Pumas,León,2,1,regular
2022-02-14,Pachuca,Querétaro,2,2,regular
2022-02-16,Mazatlán,América,2,1,regular
2022-02-18,Puebla,Monterrey,1,0,regular
2022-02-18,Juárez,Santos,0,0,regular
2022-02-18,Tijuana,Necaxa,1,1,regular
2022-02-19,Querétaro,Mazatlán,2,0,regular
2022-02-19,Tigres,Atlético San Luis,2,1,regular
2022-02-19,León,Chivas,2,1,regular
2022-02-20,América,Pachuca,1,3,regular
2022-02-20,Toluca,Cruz Azul,1,4,regular
2022-02-20,Atlas,Pumas,0,0,regular
2022-02-24,Pachuca,Mazatlán,3,1,regular
2022-02-24,Querétaro,Toluca,1,1,regular
2022-02-25,Necaxa,León,0,1,regular
2022-02-25,Juárez,Tigres,2,3,regular
2022-02-25,Tijuana,Atlas,2,0,regular
2022-02-26,Monterrey,Atlético San Luis,0,2,regular
2022-02-26,Chivas,Puebla,2,3,regular
2022-02-26,Pumas,América,0,0,regular
2022-02-27,Cruz Azul,Santos,1,2,regular
2022-03-01,Toluca,Tijuana,1,2,regular
2022-03-01,Puebla,Juárez,1,1,regular
2022-03-01,América,Querétaro,1,1,regular
2022-03-01,León,Monterrey,0,0,regular
2022-03-01,Mazatlán,Necaxa,0,0,regular
2022-03-02,Atlas,Pachuca,0,1,regular
2022-03-02,Tigres,Cruz Azul,2,2,regular
2022-03-02,Atlético San Luis,Chivas,2,2,regular
2022-03-02,Santos,Pumas,3,2,regular
2022-03-04,Necaxa,Toluca,0,1,regular
2022-03-04,Juárez,León,0,1,regular
2022-03-05,Querétaro,Atlas,0,3,regular
2022-03-05,Monterrey,América,2,1,regular
2022-03-05,Chivas,Santos,1,0,regular
2022-03-05,Cruz Azul,Puebla,1,3,regular
2022-03-11,Necaxa,Querétaro,1,0,regular
2022-03-11,Juárez,Atlas,1,2,regular
2022-03-11,Monterrey,Mazatlán,2,1,regular
2022-03-12,León,Tigres,0,3,regular
2022-03-12,Cruz Azul,Pumas,2,1,regular
2022-03-12,Chivas,América,0,0,regular
2022-03-13,Toluca,Pachuca,0,3,regular
2022-03-13,Atlético San Luis,Puebla,2,1,regular
2022-03-13,Santos,Tijuana,4,0,regular
2022-03-15,Monterrey,Juárez,3,0,regular
2022-03-17,Querétaro,Atlético San Luis,2,1,regular
2022-03-18,Puebla,Santos,2,2,regular
2022-03-19,Pumas,Necaxa,1,3,regular
2022-03-19,Tigres,Monterrey,2,0,regular
2022-03-19,Pachuca,Cruz Azul,1,0,regular
2022-03-20,América,Toluca,3,0,regular
2022-03-20,Atlas,Chivas,1,1,regular
2022-03-20,Mazatlán,León,1,2,regular
2022-03-20,Tijuana,Juárez,1,0,regular
2022-03-26,Pumas,Mazatlán,1,1,regular
2022-04-01,Atlético San Luis,Mazatlán,1,0,regular
2022-04-02,Cruz Azul,Atlas,1,0,regular
2022-04-02,Necaxa,América,0,1,regular
2022-04-02,Juárez,Pumas,0,1,regular
2022-04-03,Toluca,Puebla,2,1,regular
2022-04-03,León,Querétaro,1,1,regular
2022-04-03,Santos,Pachuca,3,1,regular
2022-04-03,Tigres,Tijuana,2,0,regular
2022-04-06,Toluca,Monterrey,2,2,regular
2022-04-06,Tijuana,Atlético San Luis,1,1,regular
2022-04-07,Pachuca,Tigres,2,1,regular
2022-04-07,Atlas,Necaxa,2,1,regular
2022-04-08,Puebla,Pumas,2,2,regular
2022-04-08,Mazatlán,Cruz Azul,1,1,regular
2022-04-09,Atlético San Luis,León,2,0,regular
2022-04-09,Toluca,Chivas,1,1,regular
2022-04-09,Monterrey,Santos,1,0,regular
2022-04-09,América,Juárez,3,0,regular
2022-04-10,Querétaro,Tigres,0,1,regular
2022-04-11,Pachuca,Tijuana,0,0,regular
2022-04-13,Chivas,Monterrey,1,3,regular
2022-04-14,Atlas,Mazatlán,1,2,regular
2022-04-15,Necaxa,Atlético San Luis,4,2,regular
2022-04-15,Juárez,Pachuca,1,2,regular
2022-04-15,Tijuana,América,1,3,regular
2022-04-16,León,Puebla,0,1,regular
2022-04-16,Santos,Querétaro,1,1,regular
2022-04-16,Tigres,Toluca,3,0,regular
2022-04-16,Cruz Azul,Chivas,0,1,regular
2022-04-17,Pumas,Monterrey,2,0,regular
2022-04-19,Pachuca,Puebla,1,0,regular
2022-04-19,Necaxa,Tigres,2,0,regular
2022-04-19,Chivas,Tijuana,2,1,regular
2022-04-19,Toluca,Juárez,0,1,regular
2022-04-19,Mazatlán,Santos,1,0,regular
2022-04-20,Atlético San Luis,Pumas,2,0,regular
2022-04-20,América,León,2,0,regular
2022-04-20,Monterrey,Atlas,0,0,regular
2022-04-21,Querétaro,Cruz Azul,0,1,regular
2022-04-22,Puebla,Necaxa,0,1,regular
2022-04-22,Juárez,Mazatlán,0,2,regular
2022-04-23,Pachuca,Monterrey,3,0,regular
2022-04-23,Tigres,América,0,2,regular
2022-04-23,Chivas,Pumas,3,1,regular
2022-04-24,Toluca,Atlas,2,4,regular
2022-04-24,Cruz Azul,Atlético San Luis,0,1,regular
2022-04-24,Santos,León,1,1,regular
2022-04-24,Tijuana,Querétaro,2,2,regular
2022-04-29,Necaxa,Chivas,0,1,regular
2022-04-29,Mazatlán,Puebla,2,1,regular
2022-04-30,Querétaro,Juárez,4,0,regular
2022-04-30,Atlas,Tigres,1,1,regular
2022-04-30,Monterrey,Tijuana,2,0,regular
2022-04-30,América,Cruz Azul,0,0,regular
2022-05-01,Pumas,Pachuca,2,0,regular
2022-05-01,Atlético San Luis,Santos,1,3,regular
2022-05-01,León,Toluca,4,4,regular
2022-05-07,Cruz Azul,Necaxa,3,1,liguilla
2022-05-07,Monterrey,Atlético San Luis,1,3,liguilla
2022-05-08,Puebla,Mazatlán,3,1,liguilla
2022-05-08,Chivas,Pumas,4,1,liguilla
2022-05-10,Puebla,América,1,1,liguilla
2022-05-11,Atlético San Luis,Pachuca,2,2,liguilla
2022-05-12,Cruz Azul,Tigres,0,1,liguilla
2022-05-12,Chivas,Atlas,1,2,liguilla
2022-05-14,América,Puebla,3,2,liguilla
2022-05-14,Pachuca,Atlético San Luis,3,2,liguilla
2022-05-15,Atlas,Chivas,1,1,liguilla
2022-05-15,Tigres,Cruz Azul,0,1,liguilla
2022-05-18,Atlas,Tigres,3,0,liguilla
2022-05-19,América,Pachuca,1,1,liguilla
2022-05-21,Tigres,Atlas,4,2,liguilla
2022-05-22,Pachuca,América,3,0,liguilla
2022-05-26,Atlas,Pachuca,2,0,liguilla
2022-05-29,Pachuca,Atlas,2,1,liguilla
2022-07-01,Mazatlán,Puebla,2,4,regular
2022-07-02,Necaxa,Toluca,1,3,regular
2022-07-02,Chivas,Juárez,0,0,regular
2022-07-02,Tigres,Cruz Azul,2,3,regular
2022-07-02,América,Atlas,0,0,regular
2022-07-03,Pumas,Tijuana,1,1,regular
2022-07-03,Atlético San Luis,León,1,2,regular
2022-07-03,Santos,Monterrey,4,3,regular
2022-07-04,Pachuca,Querétaro,2,0,regular
2022-07-08,Mazatlán,Tigres,0,1,regular
2022-07-08,Tijuana,Juárez,0,2,regular
2022-07-08,Puebla,Santos,1,0,regular
2022-07-09,León,Pumas,3,3,regular
2022-07-09,Chivas,Atlético San Luis,0,1,regular
2022-07-09,Monterrey,América,3,2,regular
2022-07-09,Cruz Azul,Pachuca,1,2,regular
2022-07-10,Toluca,Atlas,3,2,regular
2022-07-10,Querétaro,Necaxa,1,2,regular
2022-07-13,América,Toluca,1,0,regular
2022-07-15,Puebla,León,1,1,regular
2022-07-15,Juárez,Querétaro,1,1,regular
2022-07-16,Atlas,Cruz Azul,3,2,regular
2022-07-16,Santos,Chivas,1,1,regular
2022-07-17,Pumas,Necaxa,1,0,regular
2022-07-17,Atlético San Luis,Monterrey,0,1,regular
2022-07-17,Tigres,Tijuana,1,0,regular
2022-07-18,Pachuca,Mazatlán,1,1,regular
2022-07-20,Chivas,León,0,0,regular
2022-07-21,Querétaro,Monterrey,0,3,regular
2022-07-22,Mazatlán,Atlético San Luis,1,1,regular
2022-07-22,Necaxa,Juárez,1,0,regular
2022-07-23,Toluca,Santos,2,1,regular
2022-07-23,Cruz Azul,Puebla,2,2,regular
2022-07-23,Tijuana,América,2,0,regular
2022-07-23,Tigres,Atlas,2,0,regular
2022-07-24,Pachuca,Pumas,0,0,regular
2022-07-26,Atlas,Tijuana,1,2,regular
2022-07-26,Monterrey,Puebla,1,0,regular
2022-07-26,Juárez,Tigres,0,1,regular
2022-07-26,Atlético San Luis,Cruz Azul,0,0,regular
2022-07-26,León,Toluca,0,1,regular
2022-07-27,Necaxa,Pachuca,2,0,regular
2022-07-27,Querétaro,Chivas,2,2,regular
2022-07-27,Pumas,Mazatlán,1,1,regular
2022-07-29,Juárez,Toluca,1,1,regular
2022-07-30,Cruz Azul,Necaxa,1,0,regular
2022-07-30,Tigres,Querétaro,2,1,regular
2022-07-30,Chivas,Pachuca,0,0,regular
2022-07-30,Tijuana,Mazatlán,2,0,regular
2022-07-30,Puebla,Atlético San Luis,0,0,regular
2022-07-31,Pumas,Monterrey,1,1,regular
2022-07-31,Santos,Atlas,1,0,regular
2022-07-31,León,América,3,2,regular
2022-08-02,Toluca,Puebla,1,1,regular
2022-08-03,Juárez,Atlético San Luis,1,1,regular
2022-08-04,Atlas,Querétaro,3,1,regular
2022-08-05,Mazatlán,Chivas,2,1,regular
2022-08-06,Monterrey,León,5,1,regular
2022-08-06,Santos,Cruz Azul,4,0,regular
2022-08-07,Toluca,Tijuana,3,1,regular
2022-08-07,Atlético San Luis,Necaxa,1,2,regular
2022-08-07,Pachuca,Tigres,2,0,regular
2022-08-07,América,Juárez,2,1,regular
2022-08-11,Querétaro,Atlético San Luis,1,1,regular
2022-08-12,Necaxa,Monterrey,1,2,regular
2022-08-12,Tijuana,Puebla,3,3,regular
2022-08-13,León,Mazatlán,0,3,regular
2022-08-13,Pumas,América,0,3,regular
2022-08-13,Chivas,Atlas,1,1,regular
2022-08-14,Cruz Azul,Toluca,2,3,regular
2022-08-14,Tigres,Santos,2,0,regular
2022-08-16,Atlas,Juárez,0,1,regular
2022-08-16,Mazatlán,Querétaro,1,1,regular
2022-08-16,Puebla,Necaxa,2,2,regular
2022-08-17,Toluca,Monterrey,1,1,regular
2022-08-17,Pachuca,América,0,3,regular
2022-08-17,Cruz Azul,Tijuana,1,2,regular
2022-08-18,Santos,León,2,1,regular
2022-08-18,Atlético San Luis,Pumas,3,2,regular
2022-08-19,Necaxa,Chivas,0,4,regular
2022-08-20,Querétaro,Tijuana,2,0,regular
2022-08-20,Atlas,Puebla,1,1,regular
2022-08-20,Monterrey,Tigres,0,0,regular
2022-08-20,Juárez,Mazatlán,1,1,regular
2022-08-20,América,Cruz Azul,7,0,regular
2022-08-21,Pumas,Santos,1,5,regular
2022-08-21,Atlético San Luis,Toluca,1,0,regular
2022-08-21,Pachuca,León,1,0,regular
2022-08-23,Chivas,Monterrey,1,0,regular
2022-08-23,Querétaro,América,0,1,regular
2022-08-24,Pumas,Tigres,1,1,regular
2022-08-25,Pachuca,Atlas,3,1,regular
2022-08-25,Tijuana,Santos,0,2,regular
2022-08-26,Puebla,Juárez,2,2,regular
2022-08-26,Mazatlán,América,1,3,regular
2022-08-27,Cruz Azul,Querétaro,2,1,regular
2022-08-27,Tigres,Necaxa,0,0,regular
2022-08-27,Chivas,Pumas,3,1,regular
2022-08-28,Toluca,Pachuca,1,4,regular
2022-08-28,León,Atlas,4,2,regular
2022-08-28,Santos,Atlético San Luis,4,1,regular
2022-08-28,Tijuana,Monterrey,0,3,regular
2022-09-01,Atlético San Luis,Tijuana,0,0,regular
2022-09-01,Querétaro,Puebla,1,1,regular
2022-09-02,Necaxa,León,3,2,regular
2022-09-02,Juárez,Cruz Azul,2,2,regular
2022-09-03,Pachuca,Santos,2,0,regular
2022-09-03,Atlas,Pumas,0,0,regular
2022-09-03,Monterrey,Mazatlán,0,0,regular
2022-09-03,América,Tigres,2,1,regular
2022-09-04,Toluca,Chivas,0,0,regular
2022-09-06,León,Juárez,1,0,regular
2022-09-06,Santos,Necaxa,3,1,regular
2022-09-06,Monterrey,Cruz Azul,3,2,regular
2022-09-06,América,Atlético San Luis,3,0,regular
2022-09-07,Puebla,Pachuca,2,2,regular
2022-09-07,Tigres,Toluca,3,1,regular
2022-09-07,Mazatlán,Atlas,1,0,regular
2022-09-07,Tijuana,Chivas,1,2,regular
2022-09-07,Pumas,Querétaro,4,1,regular
2022-09-09,Juárez,Monterrey,0,1,regular
2022-09-10,Querétaro,Santos,3,3,regular
2022-09-10,Necaxa,América,1,2,regular
2022-09-10,Tigres,León,0,1,regular
2022-09-10,Chivas,Puebla,1,0,regular
2022-09-10,Toluca,Pumas,2,2,regular
2022-09-11,Cruz Azul,Mazatlán,2,0,regular
2022-09-11,Atlas,Atlético San Luis,1,3,regular
2022-09-11,Pachuca,Tijuana,6,1,regular
2022-09-13,Chivas,Tigres,1,4,regular
2022-09-14,América,Santos,3,3,regular
2022-09-14,Juárez,Pachuca,2,1,regular
2022-09-15,Cruz Azul,León,2,1,regular
2022-09-16,Puebla,Tigres,2,1,regular
2022-09-16,Mazatlán,Toluca,1,1,regular
2022-09-17,Monterrey,Atlas,2,0,regular
2022-09-17,América,Chivas,2,1,regular
2022-09-18,Pumas,Cruz Azul,1,2,regular
2022-09-18,León,Querétaro,3,1,regular
2022-09-18,Santos,Juárez,2,0,regular
2022-09-18,Atlético San Luis,Pachuca,1,2,regular
2022-09-18,Tijuana,Necaxa,1,1,regular
2022-09-23,Puebla,Pumas,2,1,regular
2022-09-23,Necaxa,Mazatlán,2,2,regular
2022-09-30,Puebla,América,1,2,regular
2022-09-30,Juárez,Pumas,3,1,regular
2022-10-01,Atlético San Luis,Tigres,0,3,regular
2022-10-01,Monterrey,Pachuca,0,0,regular
2022-10-01,Atlas,Necaxa,1,0,regular
2022-10-01,Cruz Azul,Chivas,2,1,regular
2022-10-02,Toluca,Querétaro,4,1,regular
2022-10-02,Santos,Mazatlán,3,0,regular
2022-10-02,León,Tijuana,2,2,regular
2022-10-08,Tigres,Necaxa,2,0,liguilla
2022-10-08,Cruz Azul,León,1,0,liguilla
2022-10-09,Toluca,Juárez,3,0,liguilla
2022-10-09,Puebla,Chivas,5,4,liguilla
2022-10-12,Puebla,América,1,6,liguilla
2022-10-12,Cruz Azul,Monterrey,0,0,liguilla
2022-10-13,Toluca,Santos,4,3,liguilla
2022-10-13,Tigres,Pachuca,1,0,liguilla
2022-10-15,Monterrey,Cruz Azul,3,0,liguilla
2022-10-15,América,Puebla,5,1,liguilla
2022-10-16,Santos,Toluca,1,2,liguilla
2022-10-16,Pachuca,Tigres,2,1,liguilla
2022-10-19,Toluca,América,2,1,liguilla
2022-10-20,Pachuca,Monterrey,5,2,liguilla
2022-10-22,América,Toluca,1,1,liguilla
2022-10-23,Monterrey,Pachuca,0,1,liguilla
2022-10-27,Toluca,Pachuca,1,5,liguilla
2022-10-30,Pachuca,Toluca,3,1,liguilla
2023-01-06,Necaxa,Atlético San Luis,2,3,regular
2023-01-07,América,Querétaro,0,0,regular
2023-01-07,Monterrey,Chivas,0,1,regular
2023-01-08,Pumas,Juárez,2,1,regular
2023-01-08,Santos,Tigres,0,3,regular
2023-01-08,Tijuana,Cruz Azul,1,1,regular
2023-01-09,Pachuca,Puebla,5,1,regular
2023-01-12,Atlas,Mazatlán,2,1,regular
2023-01-13,Atlético San Luis,Chivas,0,0,regular
2023-01-13,Puebla,Querétaro,2,0,regular
2023-01-14,Cruz Azul,Monterrey,2,3,regular
2023-01-14,Toluca,América,2,2,regular
2023-01-14,Juárez,Tijuana,3,0,regular
2023-01-14,Santos,Pumas,3,0,regular
2023-01-15,Tigres,Pachuca,4,1,regular
2023-01-16,León,Necaxa,2,1,regular
2023-01-20,Mazatlán,Santos,1,2,regular
2023-01-20,Tijuana,Tigres,1,1,regular
2023-01-21,Monterrey,Atlético San Luis,3,1,regular
2023-01-21,América,Puebla,2,2,regular
2023-01-21,Chivas,Toluca,1,2,regular
2023-01-21,Necaxa,Cruz Azul,1,0,regular
2023-01-22,Pumas,León,4,1,regular
2023-01-22,Querétaro,Atlas,3,3,regular
2023-01-22,Pachuca,Juárez,4,1,regular
2023-01-26,Atlas,Santos,2,2,regular
2023-01-27,Puebla,Monterrey,1,2,regular
2023-01-27,Tijuana,Pumas,0,0,regular
2023-01-28,Tigres,Atlético San Luis,0,0,regular
2023-01-28,América,Mazatlán,6,0,regular
2023-01-28,Juárez,Chivas,1,2,regular
2023-01-29,Toluca,León,0,0,regular
2023-01-29,Pachuca,Necaxa,2,1,regular
2023-02-01,Atlas,Toluca,0,0,regular
2023-02-02,Atlético San Luis,Puebla,2,0,regular
2023-02-03,Necaxa,Tijuana,1,1,regular
2023-02-03,Mazatlán,Juárez,2,3,regular
2023-02-04,León,Pachuca,0,1,regular
2023-02-04,Cruz Azul,Tigres,0,1,regular
2023-02-04,Santos,América,2,2,regular
2023-02-05,Pumas,Atlas,2,2,regular
2023-02-05,Chivas,Querétaro,1,1,regular
2023-02-05,Monterrey,Toluca,2,1,regular
2023-02-09,Querétaro,León,0,3,regular
2023-02-09,Atlas,Monterrey,0,2,regular
2023-02-10,Puebla,Mazatlán,3,1,regular
2023-02-10,Tijuana,Atlético San Luis,1,0,regular
2023-02-11,América,Necaxa,2,1,regular
2023-02-11,Juárez,Santos,3,1,regular
2023-02-11,Tigres,Pumas,4,2,regular
2023-02-11,Pachuca,Chivas,1,1,regular
2023-02-12,Toluca,Cruz Azul,3,1,regular
2023-02-14,León,Puebla,2,0,regular
2023-02-14,Tigres,Juárez,0,0,regular
2023-02-14,Atlético San Luis,América,1,3,regular
2023-02-15,Monterrey,Querétaro,2,0,regular
2023-02-15,Chivas,Tijuana,2,1,regular
2023-02-15,Necaxa,Pumas,3,1,regular
2023-02-16,Mazatlán,Pachuca,2,3,regular
2023-02-17,Juárez,León,0,0,regular
2023-02-17,Puebla,Cruz Azul,1,3,regular
2023-02-18,Atlético San Luis,Santos,1,1,regular
2023-02-18,Monterrey,Necaxa,2,1,regular
2023-02-18,Atlas,Tigres,0,1,regular
2023-02-18,Pumas,Chivas,1,2,regular
2023-02-19,Querétaro,Mazatlán,1,1,regular
2023-02-19,América,Tijuana,2,1,regular
2023-02-19,Pachuca,Toluca,1,2,regular
2023-02-22,Cruz Azul,Atlas,1,0,regular
2023-02-23,Santos,Toluca,0,5,regular
2023-02-24,Necaxa,Querétaro,1,1,regular
2023-02-24,Mazatlán,Pumas,1,2,regular
2023-02-25,Cruz Azul,Juárez,1,0,regular
2023-02-25,Tigres,Chivas,1,2,regular
2023-02-25,Atlas,América,2,2,regular
2023-02-26,Toluca,Atlético San Luis,2,0,regular
2023-02-26,Santos,Puebla,3,2,regular
2023-02-26,Tijuana,Pachuca,2,0,regular
2023-02-27,León,Monterrey,1,1,regular
2023-03-03,Necaxa,Tigres,0,1,regular
2023-03-03,Mazatlán,Cruz Azul,3,1,regular
2023-03-03,Tijuana,Atlas,1,1,regular
2023-03-04,León,Atlético San Luis,2,0,regular
2023-03-04,América,Pachuca,0,3,regular
2023-03-04,Monterrey,Juárez,3,0,regular
2023-03-04,Chivas,Santos,2,0,regular
2023-03-05,Pumas,Puebla,2,4,regular
2023-03-05,Querétaro,Toluca,1,0,regular
2023-03-10,Atlético San Luis,Querétaro,2,0,regular
2023-03-10,Puebla,Chivas,1,0,regular
2023-03-11,Atlas,León,0,1,regular
2023-03-11,Cruz Azul,Pumas,1,0,regular
2023-03-11,Tigres,América,0,2,regular
2023-03-12,Toluca,Mazatlán,4,1,regular
2023-03-12,Pachuca,Monterrey,1,2,regular
2023-03-12,Santos,Tijuana,3,2,regular
2023-03-12,Juárez,Necaxa,1,1,regular
2023-03-17,Puebla,Atlas,0,4,regular
2023-03-17,Tijuana,Toluca,3,3,regular
2023-03-17,Mazatlán,Necaxa,0,1,regular
2023-03-18,Cruz Azul,Atlético San Luis,1,0,regular
2023-03-18,Tigres,Monterrey,0,1,regular
2023-03-18,Chivas,América,2,4,regular
2023-03-19,Pumas,Pachuca,0,2,regular
2023-03-19,Querétaro,Juárez,2,2,regular
2023-03-19,León,Santos,4,1,regular
2023-03-24,Mazatlán,León,1,2,regular
2023-03-29,Querétaro,Cruz Azul,2,2,regular
2023-03-31,Necaxa,Santos,0,0,regular
2023-03-31,Juárez,Puebla,0,2,regular
2023-04-01,Pachuca,Cruz Azul,0,2,regular
2023-04-01,América,León,2,2,regular
2023-04-01,Monterrey,Tijuana,4,0,regular
2023-04-01,Atlas,Chivas,3,3,regular
2023-04-02,Toluca,Tigres,3,2,regular
2023-04-02,Atlético San Luis,Mazatlán,2,1,regular
2023-04-02,Querétaro,Pumas,1,0,regular
2023-04-07,Puebla,Toluca,1,2,regular
2023-04-07,Tijuana,Querétaro,1,2,regular
2023-04-08,Chivas,Necaxa,1,0,regular
2023-04-08,León,Cruz Azul,0,0,regular
2023-04-08,Tigres,Mazatlán,1,2,regular
2023-04-08,América,Monterrey,2,1,regular
2023-04-09,Pumas,Atlético San Luis,3,1,regular
2023-04-09,Santos,Pachuca,1,4,regular
2023-04-09,Juárez,Atlas,1,1,regular
2023-04-13,Atlético San Luis,Juárez,2,0,regular
2023-04-14,Necaxa,Puebla,1,1,regular
2023-04-14,Mazatlán,Tijuana,1,2,regular
2023-04-15,Atlas,Pachuca,4,1,regular
2023-04-15,León,Chivas,0,2,regular
2023-04-15,Cruz Azul,América,1,3,regular
2023-04-16,Pumas,Toluca,3,1,regular
2023-04-16,Querétaro,Tigres,0,0,regular
2023-04-16,Monterrey,Santos,1,2,regular
2023-04-20,Tigres,Puebla,1,0,regular
2023-04-21,Mazatlán,Monterrey,0,2,regular
2023-04-21,Necaxa,Atlas,1,3,regular
2023-04-21,Tijuana,León,0,0,regular
2023-04-22,Pachuca,Atlético San Luis,2,1,regular
2023-04-22,Chivas,Cruz Azul,2,1,regular
2023-04-22,América,Pumas,1,1,regular
2023-04-23,Toluca,Juárez,1,1,regular
2023-04-23,Santos,Querétaro,0,2,regular
2023-04-28,Juárez,América,0,1,regular
2023-04-29,Puebla,Tijuana,5,2,regular
2023-04-29,Atlético San Luis,Atlas,0,0,regular
2023-04-29,Monterrey,Pumas,4,1,regular
2023-04-29,Chivas,Mazatlán,4,1,regular
2023-04-29,Cruz Azul,Santos,3,2,regular
2023-04-30,Toluca,Necaxa,3,0,regular
2023-04-30,Querétaro,Pachuca,0,1,regular
2023-04-30,León,Tigres,3,0,regular
2023-05-06,Cruz Azul,Atlas,0,1,liguilla
2023-05-06,Pachuca,Santos,4,4,liguilla
2023-05-07,León,Atlético San Luis,1,3,liguilla
2023-05-07,Tigres,Puebla,1,0,liguilla
2023-05-10,Santos,Monterrey,0,0,liguilla
2023-05-10,Atlético San Luis,América,1,3,liguilla
2023-05-11,Atlas,Chivas,1,0,liguilla
2023-05-11,Tigres,Toluca,4,1,liguilla
2023-05-13,Monterrey,Santos,2,0,liguilla
2023-05-13,América,Atlético San Luis,1,2,liguilla
2023-05-14,Toluca,Tigres,3,1,liguilla
2023-05-14,Chivas,Atlas,1,0,liguilla
2023-05-17,Tigres,Monterrey,1,1,liguilla
2023-05-18,Chivas,América,0,1,liguilla
2023-05-20,Monterrey,Tigres,0,1,liguilla
2023-05-21,América,Chivas,1,3,liguilla
2023-05-25,Tigres,Chivas,0,0,liguilla
2023-05-28,Chivas,Tigres,2,3,liguilla
2023-06-30,América,Juárez,1,2,regular
2023-06-30,Mazatlán,Pachuca,1,1,regular
2023-06-30,Tijuana,Pumas,2,3,regular
2023-07-01,Atlético San Luis,Monterrey,1,1,regular
2023-07-01,Tigres,Puebla,1,1,regular
2023-07-01,Atlas,Cruz Azul,2,0,regular
2023-07-02,Toluca,Necaxa,0,0,regular
2023-07-02,Santos,Querétaro,0,2,regular
2023-07-03,León,Chivas,1,2,regular
2023-07-07,Puebla,Santos,2,3,regular
2023-07-07,Necaxa,Tijuana,1,1,regular
2023-07-08,Cruz Azul,Toluca,0,2,regular
2023-07-08,Chivas,Atlético San Luis,3,1,regular
2023-07-08,Juárez,Tigres,1,1,regular
2023-07-09,Pumas,Mazatlán,0,0,regular
2023-07-09,Monterrey,Atlas,1,0,regular
2023-07-10,León,Pachuca,4,0,regular
2023-07-13,Santos,Atlas,0,0,regular
2023-07-13,Chivas,Necaxa,2,0,regular
2023-07-14,Mazatlán,Monterrey,0,3,regular
2023-07-14,Tijuana,Cruz Azul,2,1,regular
2023-07-15,Atlético San Luis,Querétaro,4,1,regular
2023-07-15,América,Puebla,3,0,regular
2023-07-15,Tigres,León,1,0,regular
2023-07-16,Toluca,Juárez,2,4,regular
2023-07-16,Pachuca,Pumas,1,1,regular
2023-08-18,León,Mazatlán,2,1,regular
2023-08-18,Pumas,Toluca,1,1,regular
2023-08-18,Puebla,Atlético San Luis,1,2,regular
2023-08-18,Juárez,Chivas,1,1,regular
2023-08-20,Cruz Azul,Santos,2,2,regular
2023-08-20,Querétaro,Pachuca,1,1,regular
2023-08-20,América,Atlas,1,1,regular
2023-08-20,Necaxa,Tigres,0,3,regular
2023-08-22,Chivas,Tijuana,1,0,regular
2023-08-22,Mazatlán,Puebla,1,0,regular
2023-08-22,Juárez,Pumas,4,1,regular
2023-08-23,América,Necaxa,3,2,regular
2023-08-23,Pachuca,Cruz Azul,1,0,regular
2023-08-23,Atlético San Luis,León,3,0,regular
2023-08-25,Puebla,Juárez,1,0,regular
2023-08-25,Tijuana,Mazatlán,1,1,regular
2023-08-26,Atlas,Toluca,0,0,regular
2023-08-26,América,León,1,1,regular
2023-08-26,Santos,Chivas,2,1,regular
2023-08-27,Necaxa,Querétaro,0,1,regular
2023-08-27,Pumas,Tigres,2,1,regular
2023-08-27,Monterrey,Cruz Azul,1,2,regular
2023-08-28,Pachuca,Atlético San Luis,0,2,regular
2023-08-30,Toluca,Monterrey,1,0,regular
2023-08-30,Querétaro,Atlas,1,2,regular
2023-08-30,Tigres,Santos,3,2,regular
2023-09-01,Juárez,Mazatlán,3,1,regular
2023-09-01,Puebla,Tijuana,3,0,regular
2023-09-02,León,Necaxa,1,1,regular
2023-09-02,Santos,Pumas,2,1,regular
2023-09-02,Tigres,Querétaro,5,0,regular
2023-09-02,Cruz Azul,América,2,3,regular
2023-09-03,Toluca,Pachuca,5,0,regular
2023-09-03,Chivas,Monterrey,1,2,regular
2023-09-03,Atlético San Luis,Atlas,2,0,regular
2023-09-15,Mazatlán,Cruz Azul,2,2,regular
2023-09-15,Tijuana,Toluca,2,1,regular
2023-09-16,Necaxa,Juárez,1,1,regular
2023-09-16,Monterrey,León,3,1,regular
2023-09-16,América,Chivas,4,0,regular
2023-09-17,Pumas,Atlético San Luis,3,2,regular
2023-09-17,Querétaro,Puebla,1,1,regular
2023-09-17,Atlas,Tigres,2,0,regular
2023-09-18,Pachuca,Santos,3,2,regular
2023-09-20,Querétaro,América,1,2,regular
2023-09-22,Atlético San Luis,Mazatlán,3,2,regular
2023-09-22,Juárez,Atlas,1,2,regular
2023-09-22,Puebla,Pumas,0,2,regular
2023-09-23,Chivas,Pachuca,0,0,regular
2023-09-23,León,Tijuana,1,0,regular
2023-09-23,Tigres,Monterrey,3,0,regular
2023-09-24,Toluca,América,1,1,regular
2023-09-24,Cruz Azul,Querétaro,1,3,regular
2023-09-24,Santos,Necaxa,2,5,regular
2023-09-26,Chivas,Mazatlán,1,3,regular
2023-09-28,Atlas,Puebla,2,3,regular
2023-09-29,Querétaro,León,1,1,regular
2023-09-29,Atlético San Luis,Cruz Azul,1,2,regular
2023-09-29,Tijuana,Juárez,5,1,regular
2023-09-30,Pachuca,Necaxa,1,1,regular
2023-09-30,América,Pumas,1,0,regular
2023-09-30,Mazatlán,Tigres,2,3,regular
2023-10-01,Toluca,Chivas,1,1,regular
2023-10-03,Puebla,Monterrey,1,1,regular
2023-10-03,América,Pachuca,4,0,regular
2023-10-04,Necaxa,Cruz Azul,1,3,regular
2023-10-04,Pumas,Querétaro,4,0,regular
2023-10-04,Tigres,Toluca,2,2,regular
2023-10-04,Santos,Tijuana,2,1,regular
2023-10-06,Mazatlán,América,1,2,regular
2023-10-07,Monterrey,Juárez,3,1,regular
2023-10-07,Chivas,Atlas,4,1,regular
2023-10-07,Pachuca,Tigres,1,1,regular
2023-10-07,Cruz Azul,Pumas,1,4,regular
2023-10-08,Toluca,Querétaro,3,1,regular
2023-10-08,Necaxa,Puebla,1,2,regular
2023-10-08,Santos,León,0,2,regular
2023-10-08,Tijuana,Atlético San Luis,2,1,regular
2023-10-20,Atlas,Mazatlán,1,3,regular
2023-10-20,Juárez,Pachuca,0,1,regular
2023-10-20,Puebla,Chivas,0,2,regular
2023-10-21,León,Toluca,1,0,regular
2023-10-21,América,Santos,4,3,regular
2023-10-21,Querétaro,Tijuana,1,0,regular
2023-10-21,Tigres,Cruz Azul,2,1,regular
2023-10-22,Pumas,Monterrey,0,1,regular
2023-10-22,Atlético San Luis,Necaxa,4,0,regular
2023-10-24,León,Atlas,1,1,regular
2023-10-25,Monterrey,Tijuana,3,1,regular
2023-10-25,Juárez,Atlético San Luis,3,2,regular
2023-10-27,Necaxa,Pumas,1,0,regular
2023-10-27,Mazatlán,Querétaro,3,0,regular
2023-10-28,Cruz Azul,León,1,0,regular
2023-10-28,Pachuca,Puebla,1,1,regular
2023-10-28,Chivas,Tigres,0,4,regular
2023-10-28,Monterrey,América,0,3,regular
2023-10-29,Toluca,Atlético San Luis,3,1,regular
2023-10-29,Santos,Juárez,5,1,regular
2023-10-29,Tijuana,Atlas,2,0,regular
2023-10-31,Toluca,Puebla,0,1,regular
2023-10-31,Querétaro,Chivas,1,2,regular
2023-10-31,Monterrey,Necaxa,3,0,regular
2023-10-31,León,Pumas,1,1,regular
2023-11-01,Atlas,Pachuca,0,2,regular
2023-11-01,Cruz Azul,Juárez,2,0,regular
2023-11-01,Atlético San Luis,América,0,1,regular
2023-11-01,Mazatlán,Santos,3,1,regular
2023-11-01,Tijuana,Tigres,2,0,regular
2023-11-03,Puebla,León,5,4,regular
2023-11-04,Tigres,Atlético San Luis,2,2,regular
2023-11-04,América,Tijuana,3,0,regular
2023-11-04,Chivas,Cruz Azul,1,0,regular
2023-11-04,Pachuca,Monterrey,0,2,regular
2023-11-05,Pumas,Atlas,3,0,regular
2023-11-05,Necaxa,Mazatlán,4,0,regular
2023-11-05,Santos,Toluca,3,1,regular
2023-11-05,Juárez,Querétaro,0,3,regular
2023-11-08,Monterrey,Santos,3,0,regular
2023-11-10,Atlas,Necaxa,0,0,regular
2023-11-10,Mazatlán,Toluca,1,0,regular
2023-11-10,Tijuana,Pachuca,2,3,regular
2023-11-11,Atlético San Luis,Santos,0,2,regular
2023-11-11,Querétaro,Monterrey,0,0,regular
2023-11-11,Pumas,Chivas,1,0,regular
2023-11-11,Tigres,América,0,0,regular
2023-11-12,Cruz Azul,Puebla,1,2,regular
2023-11-12,León,Juárez,2,1,regular
2023-11-23,Atlético San Luis,León,3,2,liguilla
2023-11-23,Santos,Mazatlán,2,1,liguilla
2023-11-26,León,Santos,3,2,liguilla
2023-11-29,León,América,2,2,liguilla
2023-11-29,Atlético San Luis,Monterrey,1,0,liguilla
2023-11-30,Puebla,Tigres,2,2,liguilla
2023-11-30,Chivas,Pumas,1,0,liguilla
2023-12-02,América,León,2,0,liguilla
2023-12-02,Monterrey,Atlético San Luis,1,1,liguilla
2023-12-03,Pumas,Chivas,3,0,liguilla
2023-12-03,Tigres,Puebla,3,0,liguilla
2023-12-06,Atlético San Luis,América,0,5,liguilla
2023-12-07,Pumas,Tigres,0,1,liguilla
2023-12-09,América,Atlético San Luis,0,2,liguilla
2023-12-10,Tigres,Pumas,1,1,liguilla
2023-12-14,Tigres,América,1,1,liguilla
2023-12-17,América,Tigres,3,0,liguilla
2024-01-12,Querétaro,Toluca,2,2,regular
2024-01-12,Mazatlán,Atlético San Luis,0,1,regular
2024-01-13,Cruz Azul,Pachuca,0,1,regular
2024-01-13,Chivas,Santos,1,1,regular
2024-01-13,Monterrey,Puebla,2,0,regular
2024-01-13,Tijuana,América,0,2,regular
2024-01-14,Pumas,Juárez,1,0,regular
2024-01-14,Necaxa,Atlas,2,1,regular
2024-01-17,León,Tigres,1,2,regular
2024-01-19,Puebla,Necaxa,1,2,regular
2024-01-19,Atlético San Luis,Pumas,3,1,regular
2024-01-19,Juárez,Cruz Azul,0,0,regular
2024-01-20,Toluca,Mazatlán,4,1,regular
2024-01-20,América,Querétaro,2,0,regular
2024-01-20,Atlas,Tijuana,0,0,regular
2024-01-21,Tigres,Chivas,1,0,regular
2024-01-21,Santos,Monterrey,0,2,regular
2024-01-24,Atlético San Luis,Tigres,1,2,regular
2024-01-24,Monterrey,Querétaro,1,1,regular
2024-01-24,Juárez,América,0,2,regular
2024-01-26,Puebla,Toluca,1,1,regular
2024-01-26,Tijuana,Chivas,1,1,regular
2024-01-27,Cruz Azul,Mazatlán,2,1,regular
2024-01-27,León,Santos,3,2,regular
2024-01-27,Monterrey,Atlético San Luis,3,1,regular
2024-01-27,Necaxa,América,0,0,regular
2024-01-28,Pumas,Pachuca,3,1,regular
2024-01-28,Atlas,Juárez,2,1,regular
2024-01-28,Querétaro,Tigres,1,1,regular
2024-01-30,Cruz Azul,Tijuana,1,0,regular
2024-01-30,Mazatlán,León,2,2,regular
2024-01-30,Santos,Puebla,3,0,regular
2024-01-30,Chivas,Toluca,3,2,regular
2024-01-31,Pachuca,Atlas,4,3,regular
2024-01-31,Pumas,Necaxa,2,2,regular
2024-02-02,Querétaro,Cruz Azul,1,3,regular
2024-02-02,Puebla,Mazatlán,3,2,regular
2024-02-03,Toluca,León,4,1,regular
2024-02-03,Juárez,Necaxa,2,2,regular
2024-02-03,Tigres,Pumas,2,2,regular
2024-02-03,Pachuca,Tijuana,3,2,regular
2024-02-03,América,Monterrey,1,1,regular
2024-02-04,Atlas,Santos,3,0,regular
2024-02-04,Atlético San Luis,Chivas,0,2,regular
2024-02-07,Pachuca,León,3,2,regular
2024-02-09,Mazatlán,Atlas,2,0,regular
2024-02-09,Tijuana,Querétaro,1,1,regular
2024-02-10,Necaxa,Toluca,3,3,regular
2024-02-10,Chivas,Juárez,2,1,regular
2024-02-10,León,América,0,1,regular
2024-02-10,Cruz Azul,Atlético San Luis,3,0,regular
2024-02-10,Monterrey,Pachuca,3,2,regular
2024-02-10,Santos,Tigres,0,3,regular
2024-02-11,Pumas,Puebla,3,0,regular
2024-02-14,Atlas,Pumas,0,0,regular
2024-02-16,Querétaro,Necaxa,1,1,regular
2024-02-16,Mazatlán,Chivas,2,2,regular
2024-02-17,Atlético San Luis,Tijuana,3,3,regular
2024-02-17,Pachuca,América,2,1,regular
2024-02-17,Cruz Azul,Tigres,1,0,regular
2024-02-18,Atlas,León,0,1,regular
2024-02-18,Pumas,Santos,3,0,regular
2024-02-18,Monterrey,Toluca,0,0,regular
2024-02-20,Puebla,Pachuca,1,4,regular
2024-02-20,Necaxa,Chivas,1,0,regular
2024-02-21,Toluca,Santos,1,0,regular
2024-02-21,León,Cruz Azul,2,3,regular
2024-02-21,América,Mazatlán,2,2,regular
2024-02-23,Puebla,Querétaro,0,2,regular
2024-02-23,Necaxa,Pachuca,1,1,regular
2024-02-23,Juárez,Monterrey,0,3,regular
2024-02-24,León,Atlético San Luis,1,0,regular
2024-02-24,Tigres,Atlas,1,1,regular
2024-02-24,Chivas,Pumas,3,1,regular
2024-02-24,América,Cruz Azul,1,0,regular
2024-02-25,Toluca,Tijuana,2,0,regular
2024-02-25,Santos,Mazatlán,1,0,regular
2024-02-27,Querétaro,Atlético San Luis,4,1,regular
2024-02-28,Tigres,Juárez,1,0,regular
2024-02-28,Tijuana,Monterrey,1,1,regular
2024-03-01,Querétaro,Santos,0,1,regular
2024-03-01,Atlético San Luis,Puebla,4,0,regular
2024-03-01,Mazatlán,Necaxa,2,1,regular
2024-03-02,Toluca,Tigres,2,1,regular
2024-03-02,Pachuca,Juárez,3,2,regular
2024-03-02,Cruz Azul,Chivas,3,0,regular
2024-03-02,Atlas,América,1,5,regular
2024-03-03,Monterrey,Pumas,3,0,regular
2024-03-03,Tijuana,León,1,1,regular
2024-03-08,Puebla,Atlas,2,2,regular
2024-03-08,Necaxa,Atlético San Luis,3,1,regular
2024-03-08,Juárez,Toluca,1,1,regular
2024-03-09,Chivas,León,1,2,regular
2024-03-09,Pachuca,Querétaro,1,2,regular
2024-03-09,Santos,Cruz Azul,3,0,regular
2024-03-09,América,Tigres,2,0,regular
2024-03-10,Pumas,Tijuana,3,3,regular
2024-03-10,Monterrey,Mazatlán,2,1,regular
2024-03-15,Querétaro,Juárez,1,0,regular
2024-03-15,Tijuana,Santos,2,2,regular
2024-03-16,Cruz Azul,Necaxa,1,2,regular
2024-03-16,León,Puebla,2,1,regular
2024-03-16,Tigres,Mazatlán,5,1,regular
2024-03-16,Chivas,América,0,0,regular
2024-03-17,Atlas,Monterrey,1,2,regular
2024-03-17,Toluca,Pumas,3,0,regular
2024-03-17,Atlético San Luis,Pachuca,2,1,regular
2024-03-23,Juárez,Puebla,4,3,regular
2024-03-29,Puebla,Tigres,2,3,regular
2024-03-29,América,Atlético San Luis,2,1,regular
2024-03-29,Mazatlán,Tijuana,2,0,regular
2024-03-30,Pachuca,Toluca,2,3,regular
2024-03-30,Monterrey,Chivas,0,2,regular
2024-03-30,Pumas,Cruz Azul,0,0,regular
2024-03-31,Atlas,Querétaro,2,3,regular
2024-03-31,Necaxa,León,1,2,regular
2024-03-31,Juárez,Santos,2,1,regular
2024-04-05,Mazatlán,Pumas,0,4,regular
2024-04-05,Tijuana,Necaxa,2,3,regular
2024-04-06,León,Querétaro,0,2,regular
2024-04-06,Tigres,Pachuca,0,3,regular
2024-04-06,Chivas,Puebla,3,2,regular
2024-04-06,Cruz Azul,Monterrey,2,1,regular
2024-04-06,Santos,América,1,1,regular
2024-04-07,Toluca,Atlas,4,1,regular
2024-04-08,Atlético San Luis,Juárez,2,3,regular
2024-04-12,Querétaro,Mazatlán,0,2,regular
2024-04-12,Necaxa,Santos,2,0,regular
2024-04-12,Puebla,Cruz Azul,0,1,regular
2024-04-13,Pachuca,Chivas,0,1,regular
2024-04-13,América,Toluca,5,1,regular
2024-04-13,Monterrey,Tigres,3,3,regular
2024-04-14,Atlas,Atlético San Luis,2,1,regular
2024-04-14,Pumas,León,1,0,regular
2024-04-14,Juárez,Tijuana,0,1,regular
2024-04-19,Mazatlán,Juárez,0,2,regular
2024-04-19,Atlético San Luis,Toluca,1,5,regular
2024-04-19,Tijuana,Puebla,3,1,regular
2024-04-20,León,Monterrey,2,0,regular
2024-04-20,Tigres,Necaxa,5,2,regular
2024-04-20,Chivas,Querétaro,2,0,regular
2024-04-20,Santos,Pachuca,0,2,regular
2024-04-20,Pumas,América,2,1,regular
2024-04-21,Cruz Azul,Atlas,2,2,regular
2024-04-26,Puebla,América,1,2,regular
2024-04-26,Querétaro,Pumas,1,1,regular
2024-04-27,Juárez,León,1,1,regular
2024-04-27,Tigres,Tijuana,4,1,regular
2024-04-27,Toluca,Cruz Azul,0,1,regular
2024-04-27,Pachuca,Mazatlán,1,1,regular
2024-04-27,Atlas,Chivas,0,1,regular
2024-04-28,Necaxa,Monterrey,2,5,regular
2024-04-28,Santos,Atlético San Luis,0,3,regular
2024-05-02,Necaxa,Querétaro,3,2,liguilla
2024-05-02,Pachuca,Pumas,3,5,liguilla
2024-05-05,Pachuca,Necaxa,2,1,liguilla
2024-05-08,Chivas,Toluca,1,0,liguilla
2024-05-08,Pachuca,América,1,1,liguilla
2024-05-09,Pumas,Cruz Azul,0,2,liguilla
2024-05-09,Tigres,Monterrey,1,2,liguilla
2024-05-11,América,Pachuca,1,1,liguilla
2024-05-11,Toluca,Chivas,0,0,liguilla
2024-05-12,Cruz Azul,Pumas,2,2,liguilla
2024-05-12,Monterrey,Tigres,1,1,liguilla
2024-05-15,Chivas,América,0,0,liguilla
2024-05-16,Monterrey,Cruz Azul,0,1,liguilla
2024-05-18,América,Chivas,1,0,liguilla
2024-05-19,Cruz Azul,Monterrey,1,2,liguilla
2024-05-23,Cruz Azul,América,1,1,liguilla
2024-05-26,América,Cruz Azul,1,0,liguilla
2024-07-05,Puebla,Santos,1,0,regular
2024-07-05,Querétaro,Tijuana,1,2,regular
2024-07-05,Juárez,Atlas,2,2,regular
2024-07-06,Atlético San Luis,América,2,1,regular
2024-07-06,Tigres,Necaxa,1,0,regular
2024-07-06,Chivas,Toluca,0,0,regular
2024-07-06,Cruz Azul,Mazatlán,1,0,regular
2024-07-07,Pumas,León,4,1,regular
2024-07-07,Pachuca,Monterrey,0,1,regular
2024-07-12,América,Querétaro,3,1,regular
2024-07-12,Mazatlán,Atlético San Luis,2,2,regular
2024-07-12,Tijuana,Chivas,4,2,regular
2024-07-12,Atlas,Tigres,1,1,regular
2024-07-13,Necaxa,Puebla,4,1,regular
2024-07-13,León,Pachuca,0,0,regular
2024-07-13,Santos,Pumas,1,1,regular
2024-07-13,Toluca,Juárez,3,2,regular
2024-07-13,Monterrey,Cruz Azul,0,4,regular
2024-07-16,Querétaro,Chivas,0,2,regular
2024-07-16,Atlas,Santos,1,0,regular
2024-07-16,Pachuca,Atlético San Luis,2,0,regular
2024-07-16,Puebla,León,2,2,regular
2024-07-16,Cruz Azul,Tijuana,3,0,regular
2024-07-17,Necaxa,Monterrey,0,1,regular
2024-07-17,Juárez,Pumas,1,2,regular
2024-07-17,Toluca,Mazatlán,3,0,regular
2024-07-17,Tigres,América,1,0,regular
2024-07-19,Atlético San Luis,Tijuana,1,1,regular
2024-07-19,Puebla,Atlas,1,2,regular
2024-07-20,Chivas,Mazatlán,2,0,regular
2024-07-20,Santos,Tigres,0,3,regular
2024-07-20,Monterrey,Querétaro,2,1,regular
2024-07-20,Cruz Azul,Toluca,1,1,regular
2024-07-20,Juárez,América,1,2,regular
2024-07-21,Pumas,Pachuca,2,0,regular
2024-07-21,León,Necaxa,1,1,regular
2024-08-16,Puebla,Monterrey,1,2,regular
2024-08-18,Tijuana,Santos,3,1,regular
2024-08-18,Atlético San Luis,Querétaro,4,0,regular
2024-08-23,Querétaro,Cruz Azul,0,2,regular
2024-08-23,Mazatlán,Pachuca,3,0,regular
2024-08-23,Tijuana,Monterrey,2,2,regular
2024-08-24,Necaxa,Juárez,3,0,regular
2024-08-24,León,Santos,1,1,regular
2024-08-24,Atlas,Pumas,2,1,regular
2024-08-24,Tigres,Chivas,1,1,regular
2024-08-24,América,Puebla,0,1,regular
2024-08-25,Toluca,Atlético San Luis,2,1,regular
2024-08-30,Atlético San Luis,Atlas,2,1,regular
2024-08-30,Mazatlán,Puebla,1,1,regular
2024-08-30,Tijuana,León,2,1,regular
2024-08-31,Pachuca,Querétaro,1,1,regular
2024-08-31,Chivas,Juárez,5,0,regular
2024-08-31,Monterrey,Toluca,1,2,regular
2024-08-31,Cruz Azul,América,4,1,regular
2024-09-01,Pumas,Tigres,1,3,regular
2024-09-01,Santos,Necaxa,3,2,regular
2024-09-13,Puebla,Querétaro,2,1,regular
2024-09-13,Atlas,Pachuca,2,0,regular
2024-09-13,Juárez,Mazatlán,1,0,regular
2024-09-13,Tigres,Atlético San Luis,1,0,regular
2024-09-13,Necaxa,Pumas,2,0,regular
2024-09-14,Toluca,Tijuana,4,0,regular
2024-09-14,América,Chivas,1,0,regular
2024-09-14,León,Cruz Azul,1,2,regular
2024-09-14,Santos,Monterrey,0,2,regular
2024-09-17,Atlético San Luis,Cruz Azul,3,1,regular
2024-09-17,Pachuca,Toluca,2,2,regular
2024-09-17,América,Atlas,3,0,regular
2024-09-17,Pumas,Puebla,1,0,regular
2024-09-17,Querétaro,Tigres,1,0,regular
2024-09-18,Chivas,León,2,0,regular
2024-09-18,Mazatlán,Necaxa,0,0,regular
2024-09-18,Monterrey,Juárez,3,2,regular
2024-09-20,Atlas,Querétaro,0,1,regular
2024-09-20,Puebla,Pachuca,2,3,regular
2024-09-21,León,Atlético San Luis,1,0,regular
2024-09-21,Necaxa,América,1,1,regular
2024-09-21,Monterrey,Mazatlán,0,0,regular
2024-09-21,Cruz Azul,Chivas,1,0,regular
2024-09-22,Pumas,Tijuana,1,0,regular
2024-09-22,Santos,Toluca,2,0,regular
2024-09-22,Juárez,Tigres,0,1,regular
2024-09-27,Puebla,Juárez,2,3,regular
2024-09-27,Querétaro,Necaxa,0,0,regular
2024-09-27,Tigres,León,2,2,regular
2024-09-27,Tijuana,Mazatlán,1,0,regular
2024-09-28,Toluca,Atlas,4,1,regular
2024-09-28,Pachuca,Cruz Azul,2,4,regular
2024-09-28,Chivas,Monterrey,1,1,regular
2024-09-28,Atlético San Luis,Santos,3,1,regular
2024-09-29,América,Pumas,0,1,regular
2024-10-04,Mazatlán,Querétaro,2,2,regular
2024-10-04,Tijuana,Pachuca,2,1,regular
2024-10-05,Tigres,Puebla,1,0,regular
2024-10-05,Atlético San Luis,Monterrey,1,0,regular
2024-10-05,Cruz Azul,Necaxa,3,0,regular
2024-10-05,Toluca,Pumas,1,1,regular
2024-10-05,Chivas,Atlas,2,3,regular
2024-10-05,León,América,1,1,regular
2024-10-06,Santos,Juárez,0,2,regular
2024-10-18,Atlas,Mazatlán,0,0,regular
2024-10-18,Querétaro,Toluca,0,1,regular
2024-10-18,Puebla,Cruz Azul,1,2,regular
2024-10-18,Necaxa,Tijuana,1,2,regular
2024-10-19,Pachuca,Chivas,0,2,regular
2024-10-19,América,Santos,3,0,regular
2024-10-19,Juárez,León,2,3,regular
2024-10-19,Monterrey,Tigres,4,2,regular
2024-10-20,Pumas,Atlético San Luis,3,0,regular
2024-10-22,Santos,Pachuca,1,1,regular
2024-10-22,Chivas,Necaxa,3,2,regular
2024-10-22,Toluca,Puebla,5,0,regular
2024-10-22,Mazatlán,Tigres,2,0,regular
2024-10-23,Cruz Azul,Juárez,4,0,regular
2024-10-23,Monterrey,Pumas,0,0,regular
2024-10-23,León,Atlas,0,0,regular
2024-10-23,Tijuana,América,2,2,regular
2024-10-25,Santos,Mazatlán,0,0,regular
2024-10-25,Puebla,Chivas,1,0,regular
2024-10-26,León,Querétaro,4,0,regular
2024-10-26,Pumas,Cruz Azul,0,2,regular
2024-10-26,Tigres,Pachuca,2,1,regular
2024-10-26,Atlas,Tijuana,0,0,regular
2024-10-27,Necaxa,Toluca,1,3,regular
2024-10-27,Juárez,Atlético San Luis,2,4,regular
2024-10-27,América,Monterrey,2,1,regular
2024-11-01,Querétaro,Juárez,1,2,regular
2024-11-01,Mazatlán,América,0,5,regular
2024-11-01,Tijuana,Tigres,0,3,regular
2024-11-02,Atlético San Luis,Puebla,2,0,regular
2024-11-02,Toluca,León,2,2,regular
2024-11-02,Chivas,Pumas,0,0,regular
2024-11-02,Monterrey,Atlas,4,0,regular
2024-11-02,Pachuca,Necaxa,6,2,regular
2024-11-02,Cruz Azul,Santos,2,0,regular
2024-11-05,León,Mazatlán,0,0,regular
2024-11-05,Santos,Chivas,0,2,regular
2024-11-05,Pumas,Querétaro,2,0,regular
2024-11-06,Tigres,Toluca,2,1,regular
2024-11-06,Necaxa,Atlético San Luis,1,1,regular
2024-11-06,América,Pachuca,2,1,regular
2024-11-06,Atlas,Cruz Azul,2,2,regular
2024-11-06,Juárez,Tijuana,1,1,regular
2024-11-08,Querétaro,Santos,3,2,regular
2024-11-08,Mazatlán,Pumas,0,1,regular
2024-11-09,Chivas,Atlético San Luis,0,1,regular
2024-11-09,Pachuca,Juárez,0,1,regular
2024-11-09,Toluca,América,4,0,regular
2024-11-09,Cruz Azul,Tigres,1,1,regular
2024-11-10,Necaxa,Atlas,0,0,regular
2024-11-10,Monterrey,León,2,1,regular
2024-11-10,Tijuana,Puebla,2,1,regular
2024-11-21,Chivas,Atlas,1,2,liguilla
2024-11-21,Tijuana,América,2,3,liguilla
2024-11-24,Tijuana,Atlas,3,0,liguilla
2024-11-27,América,Toluca,2,0,liguilla
2024-11-27,Tijuana,Cruz Azul,3,0,liguilla
2024-11-28,Atlético San Luis,Tigres,3,0,liguilla
2024-11-28,Monterrey,Pumas,1,0,liguilla
2024-11-30,Toluca,América,0,2,liguilla
2024-11-30,Cruz Azul,Tijuana,3,0,liguilla
2024-12-01,Pumas,Monterrey,3,5,liguilla
2024-12-01,Tigres,Atlético San Luis,0,0,liguilla
2024-12-04,Atlético San Luis,Monterrey,2,1,liguilla
2024-12-05,América,Cruz Azul,0,0,liguilla
2024-12-07,Monterrey,Atlético San Luis,5,1,liguilla
2024-12-08,Cruz Azul,América,3,4,liguilla
2024-12-12,América,Monterrey,2,1,liguilla
2024-12-15,Monterrey,América,1,1,liguilla
2025-01-10,Querétaro,América,0,1,regular
2025-01-10,Tijuana,Toluca,2,4,regular
2025-01-10,Mazatlán,Juárez,1,1,regular
2025-01-11,Atlético San Luis,Tigres,1,3,regular
2025-01-11,Chivas,Santos,1,0,regular
2025-01-11,Cruz Azul,Atlas,1,1,regular
2025-01-12,Pumas,Necaxa,2,1,regular
2025-01-12,Monterrey,Puebla,1,1,regular
2025-01-16,América,Tijuana,1,1,regular
2025-01-17,Puebla,Atlético San Luis,1,2,regular
2025-01-17,Tigres,Mazatlán,2,1,regular
2025-01-17,Necaxa,Chivas,3,2,regular
2025-01-18,Juárez,Cruz Azul,1,0,regular
2025-01-18,Toluca,Monterrey,1,1,regular
2025-01-18,Atlas,León,1,2,regular
2025-01-19,Querétaro,Pumas,3,2,regular
2025-01-20,Pachuca,Santos,2,1,regular
2025-01-24,Atlético San Luis,Necaxa,0,3,regular
2025-01-24,Tijuana,Querétaro,2,1,regular
2025-01-24,Mazatlán,Toluca,2,1,regular
2025-01-25,León,Juárez,1,0,regular
2025-01-25,Cruz Azul,Puebla,1,1,regular
2025-01-25,Santos,América,1,4,regular
2025-01-25,Chivas,Tigres,1,1,regular
2025-01-25,Monterrey,Pachuca,2,3,regular
2025-01-26,Pumas,Atlas,0,0,regular
2025-01-28,América,Atlético San Luis,3,0,regular
2025-01-28,Puebla,Mazatlán,0,1,regular
2025-01-28,León,Chivas,2,1,regular
2025-01-28,Tigres,Tijuana,4,0,regular
2025-01-28,Necaxa,Cruz Azul,1,3,regular
2025-01-29,Atlas,Monterrey,3,3,regular
2025-01-29,Querétaro,Pachuca,0,1,regular
2025-01-29,Juárez,Santos,1,0,regular
2025-01-29,Pumas,Toluca,1,1,regular
2025-01-31,Mazatlán,León,1,2,regular
2025-01-31,Tijuana,Cruz Azul,2,3,regular
2025-02-01,América,Juárez,4,0,regular
2025-02-01,Chivas,Querétaro,1,1,regular
2025-02-01,Pachuca,Atlas,0,0,regular
2025-02-01,Monterrey,Necaxa,1,0,regular
2025-02-01,Toluca,Tigres,1,0,regular
2025-02-02,Santos,Puebla,0,2,regular
2025-02-02,Atlético San Luis,Pumas,2,3,regular
2025-02-05,Pachuca,León,1,2,regular
2025-02-07,Querétaro,Atlético San Luis,1,0,regular
2025-02-07,Necaxa,Santos,3,2,regular
2025-02-07,Puebla,América,1,2,regular
2025-02-08,León,Toluca,3,3,regular
2025-02-08,Tigres,Atlas,2,1,regular
2025-02-08,Juárez,Monterrey,2,1,regular
2025-02-08,Cruz Azul,Pachuca,2,1,regular
2025-02-09,Pumas,Mazatlán,1,0,regular
2025-02-09,Chivas,Tijuana,2,1,regular
2025-02-14,Tijuana,Juárez,1,2,regular
2025-02-14,Mazatlán,Santos,1,1,regular
2025-02-14,América,Necaxa,2,3,regular
2025-02-15,Atlas,Puebla,3,2,regular
2025-02-15,Tigres,Cruz Azul,2,1,regular
2025-02-15,Toluca,Chivas,2,1,regular
2025-02-16,Querétaro,Monterrey,2,4,regular
2025-02-16,Atlético San Luis,León,1,2,regular
2025-02-16,Pachuca,Pumas,2,1,regular
2025-02-18,Atlas,Necaxa,0,4,regular
2025-02-19,América,León,1,1,regular
2025-02-19,Santos,Cruz Azul,0,1,regular
2025-02-21,Necaxa,Mazatlán,3,1,regular
2025-02-21,Puebla,Tijuana,2,0,regular
2025-02-22,Juárez,Toluca,0,4,regular
2025-02-22,León,Tigres,1,0,regular
2025-02-22,Monterrey,Atlético San Luis,3,1,regular
2025-02-22,Chivas,Pachuca,2,1,regular
2025-02-22,Pumas,América,0,2,regular
2025-02-23,Santos,Atlas,2,0,regular
2025-02-23,Cruz Azul,Querétaro,1,0,regular
2025-02-25,Tigres,Juárez,0,1,regular
2025-02-25,Mazatlán,Monterrey,1,0,regular
2025-02-25,Tijuana,Pumas,4,2,regular
2025-02-26,Pachuca,Puebla,2,1,regular
2025-02-26,Toluca,Querétaro,5,0,regular
2025-02-26,Atlético San Luis,Chivas,3,1,regular
2025-02-28,Mazatlán,Cruz Azul,1,1,regular
2025-03-01,América,Toluca,3,0,regular
2025-03-01,Juárez,Pachuca,2,2,regular
2025-03-01,Necaxa,Tigres,1,2,regular
2025-03-01,León,Tijuana,2,1,regular
2025-03-01,Pumas,Chivas,0,1,regular
2025-03-02,Querétaro,Puebla,2,0,regular
2025-03-02,Atlas,Atlético San Luis,3,1,regular
2025-03-02,Monterrey,Santos,4,2,regular
2025-03-07,Atlético San Luis,Juárez,1,0,regular
2025-03-07,Tigres,Querétaro,1,0,regular
2025-03-07,Puebla,Pumas,1,3,regular
2025-03-08,Toluca,Necaxa,5,2,regular
2025-03-08,Pachuca,Mazatlán,1,1,regular
2025-03-08,Cruz Azul,Monterrey,1,1,regular
2025-03-08,Chivas,América,0,0,regular
2025-03-09,Santos,León,2,1,regular
2025-03-09,Tijuana,Atlas,3,4,regular
2025-03-14,Querétaro,Mazatlán,1,0,regular
2025-03-14,Necaxa,León,2,1,regular
2025-03-14,Puebla,Toluca,0,3,regular
2025-03-15,Tigres,Santos,3,0,regular
2025-03-15,Cruz Azul,Atlético San Luis,3,0,regular
2025-03-15,Juárez,Chivas,1,1,regular
2025-03-15,Atlas,América,1,3,regular
2025-03-16,Pumas,Monterrey,1,3,regular
2025-03-16,Pachuca,Tijuana,4,1,regular
2025-03-28,Necaxa,Querétaro,2,0,regular
2025-03-28,Mazatlán,Atlas,3,2,regular
2025-03-29,Juárez,Puebla,2,0,regular
2025-03-29,Toluca,Pachuca,3,2,regular
2025-03-29,América,Tigres,3,0,regular
2025-03-29,Chivas,Cruz Azul,0,1,regular
2025-03-29,Monterrey,Tijuana,1,2,regular
2025-03-30,Santos,Atlético San Luis,2,3,regular
2025-03-30,León,Pumas,1,2,regular
2025-04-04,Querétaro,León,1,1,regular
2025-04-04,Tijuana,Necaxa,1,2,regular
2025-04-04,Puebla,Tigres,0,0,regular
2025-04-05,Atlas,Juárez,1,1,regular
2025-04-05,Pachuca,América,1,0,regular
2025-04-05,Atlético San Luis,Mazatlán,2,1,regular
2025-04-05,Monterrey,Chivas,3,1,regular
2025-04-05,Cruz Azul,Pumas,3,2,regular
2025-04-06,Toluca,Santos,2,1,regular
2025-04-10,Tijuana,Atlético San Luis,2,1,regular
2025-04-11,Necaxa,Pachuca,3,5,regular
2025-04-11,Mazatlán,Chivas,1,1,regular
2025-04-12,Pumas,Juárez,0,0,regular
2025-04-12,León,Puebla,1,0,regular
2025-04-12,Tigres,Monterrey,2,1,regular
2025-04-12,Atlas,Toluca,2,3,regular
2025-04-12,América,Cruz Azul,0,0,regular
2025-04-13,Santos,Querétaro,1,2,regular
2025-04-15,Pachuca,Tigres,0,0,regular
2025-04-15,Chivas,Puebla,1,0,regular
2025-04-15,Juárez,Necaxa,2,2,regular
2025-04-15,Cruz Azul,León,2,1,regular
2025-04-16,Querétaro,Atlas,1,2,regular
2025-04-16,Monterrey,América,1,0,regular
2025-04-16,Atlético San Luis,Toluca,0,1,regular
2025-04-16,Mazatlán,Tijuana,0,2,regular
2025-04-16,Pumas,Santos,2,0,regular
2025-04-18,Puebla,Necaxa,0,1,regular
2025-04-19,América,Mazatlán,5,0,regular
2025-04-19,Toluca,Cruz Azul,2,2,regular
2025-04-19,Tigres,Pumas,2,1,regular
2025-04-19,Atlas,Chivas,1,1,regular
2025-04-20,Santos,Tijuana,0,4,regular
2025-04-20,Atlético San Luis,Pachuca,2,1,regular
2025-04-20,León,Monterrey,0,2,regular
2025-04-20,Juárez,Querétaro,0,2,regular
2025-04-27,Juárez,Pumas,1,2,liguilla
2025-04-27,Monterrey,Pachuca,1,2,liguilla
2025-05-04,Monterrey,Pumas,2,0,liguilla
2025-05-07,Monterrey,Toluca,3,2,liguilla
2025-05-07,Pachuca,América,0,0,liguilla
2025-05-08,Necaxa,Tigres,0,0,liguilla
2025-05-08,León,Cruz Azul,2,3,liguilla
2025-05-10,Toluca,Monterrey,2,1,liguilla
2025-05-10,América,Pachuca,2,0,liguilla
2025-05-11,Cruz Azul,León,2,1,liguilla
2025-05-11,Tigres,Necaxa,2,2,liguilla
2025-05-14,Tigres,Toluca,1,1,liguilla
2025-05-15,Cruz Azul,América,1,0,liguilla
2025-05-17,Toluca,Tigres,3,0,liguilla
2025-05-18,América,Cruz Azul,2,1,liguilla
2025-05-22,América,Toluca,0,0,liguilla
2025-05-25,Toluca,América,2,0,liguilla
2026-07-16,Necaxa,Atlante,2,1,regular
2026-07-16,Tijuana,Tigres,3,1,regular
2026-07-17,Atlético San Luis,Cruz Azul,2,3,regular
2026-07-17,León,Atlas,2,3,regular
2026-07-17,Juárez,Puebla,0,1,regular
2026-07-18,Pumas,Pachuca,0,3,regular
2026-07-18,Monterrey,Santos,3,2,regular
2026-07-18,Chivas,Toluca,0,2,regular
2026-07-18,Querétaro,América,0,1,regular
